"area","epiweek","ratio","rt_b117","rt_other"
"Bath and North East Somerset, Swindon and Wiltshire",45,1.61037181873625,1.61286000166275,1.01408430239246
"Bath and North East Somerset, Swindon and Wiltshire",46,1.73819917563906,1.17334605167772,0.682874408296539
"Bath and North East Somerset, Swindon and Wiltshire",47,1.82121922003288,1.30184222597481,0.713115247151514
"Bath and North East Somerset, Swindon and Wiltshire",48,1.91185048910495,1.68716771624222,0.871796471535188
"Bath and North East Somerset, Swindon and Wiltshire",49,1.93405113203253,1.9950821258055,1.01848613832309
"Bath and North East Somerset, Swindon and Wiltshire",50,1.83718918857466,2.17019462291923,1.16860089861214
"Bath and North East Somerset, Swindon and Wiltshire",51,1.7095878805024,1.93133946165988,1.13989695225605
"Bath and North East Somerset, Swindon and Wiltshire",52,1.70986050194091,2.28398612142604,1.337742872339
"Bath and North East Somerset, Swindon and Wiltshire",53,1.70831867472089,1.02128645623704,0.598410370822137
"Bath and North East Somerset, Swindon and Wiltshire",54,1.71959596567472,0.837825350243976,0.48850709256341
"Bath and North East Somerset, Swindon and Wiltshire",55,1.64979175241905,0.757100550100067,0.4614954999546
"Bedfordshire, Luton and Milton Keynes",45,1.91949044977426,2.0470951621247,1.06946869049997
"Bedfordshire, Luton and Milton Keynes",46,2.0024419726436,1.66082287693681,0.832395137847933
"Bedfordshire, Luton and Milton Keynes",47,2.00019992229939,1.72367386483102,0.86449728292567
"Bedfordshire, Luton and Milton Keynes",48,1.97744065359576,1.99935240609664,1.01110981854593
"Bedfordshire, Luton and Milton Keynes",49,1.97081082452448,2.53065123201103,1.27258137451905
"Bedfordshire, Luton and Milton Keynes",50,1.83452063825144,2.01701585746142,1.09731375433175
"Bedfordshire, Luton and Milton Keynes",51,1.61888499283412,1.19308513958853,0.744863423205117
"Bedfordshire, Luton and Milton Keynes",52,1.56348732503814,1.49435336793163,0.9514269580508
"Bedfordshire, Luton and Milton Keynes",53,1.48278617027288,0.871046157841852,0.58838589629813
"Bedfordshire, Luton and Milton Keynes",54,1.49585005929508,0.784454323801756,0.52274359790789
"Bedfordshire, Luton and Milton Keynes",55,1.50940763157625,0.819587548533265,0.544787740571808
"Birmingham and Solihull",45,1.743308243442,1.80368140442368,1.04406749234671
"Birmingham and Solihull",46,1.87367973941124,1.42978542418408,0.776768564076466
"Birmingham and Solihull",47,1.96674863678955,1.40769412453557,0.718723120980893
"Birmingham and Solihull",48,2.01544341291443,1.6763227823083,0.821550399547641
"Birmingham and Solihull",49,2.01737212748549,1.90392921577998,0.933076255238261
"Birmingham and Solihull",50,2.00846114020615,1.98515546524332,0.98620499438814
"Birmingham and Solihull",51,2.01098873828517,2.108572715674,1.04409880039846
"Birmingham and Solihull",52,2.00103711443847,2.06031783801396,1.01583031557082
"Birmingham and Solihull",53,1.88126099588635,1.2369928185485,0.6676120347048
"Birmingham and Solihull",54,1.887014527152,0.996976400703139,0.535216575870144
"Birmingham and Solihull",55,1.88320334892615,0.859813755944361,0.461431306446627
"Bristol, North Somerset and South Gloucestershire",45,1.80312298488919,1.7674229975094,0.976097426583212
"Bristol, North Somerset and South Gloucestershire",46,1.85339896723923,1.05460276966153,0.566505652846737
"Bristol, North Somerset and South Gloucestershire",47,1.8918745434594,1.04200477328955,0.546667765540363
"Bristol, North Somerset and South Gloucestershire",48,1.90625956785687,1.31323395963717,0.682355902568978
"Bristol, North Somerset and South Gloucestershire",49,1.88798047026111,1.72818243403822,0.907298954656851
"Bristol, North Somerset and South Gloucestershire",50,1.78982281755878,1.5997196663111,0.893043956662086
"Bristol, North Somerset and South Gloucestershire",51,1.67365032058853,1.38995937155501,0.843622570651015
"Bristol, North Somerset and South Gloucestershire",52,1.64962492506398,2.40913360634843,1.46196091384159
"Bristol, North Somerset and South Gloucestershire",53,1.62311129557249,1.10692706322276,0.688900318328254
"Bristol, North Somerset and South Gloucestershire",54,1.68478624106524,0.890562873091374,0.528426602545289
"Bristol, North Somerset and South Gloucestershire",55,1.68766223167976,0.753984394681549,0.444529299770823
"Buckinghamshire, Oxfordshire and Berkshire West",45,1.96224557777176,1.93237374786006,0.982524558285501
"Buckinghamshire, Oxfordshire and Berkshire West",46,2.16538984286417,1.47710484622291,0.685173804072196
"Buckinghamshire, Oxfordshire and Berkshire West",47,2.04244105128469,1.63555569043152,0.801589743060819
"Buckinghamshire, Oxfordshire and Berkshire West",48,1.85057755555622,1.9159825965905,1.0369321665713
"Buckinghamshire, Oxfordshire and Berkshire West",49,1.86179277019431,2.40706017097874,1.2971202942478
"Buckinghamshire, Oxfordshire and Berkshire West",50,2.09883101841005,2.29521618411275,1.08922720652342
"Buckinghamshire, Oxfordshire and Berkshire West",51,1.82282094450318,1.43546728689343,0.792313284069287
"Buckinghamshire, Oxfordshire and Berkshire West",52,1.73758385804185,1.65036322483549,0.93910527418425
"Buckinghamshire, Oxfordshire and Berkshire West",53,1.3032218081551,0.813798503839553,0.630367105628891
"Buckinghamshire, Oxfordshire and Berkshire West",54,1.24619471257763,0.781510247526667,0.628343758392073
"Buckinghamshire, Oxfordshire and Berkshire West",55,1.20524102367718,0.74993891231679,0.622479056385937
"Cambridgeshire and Peterborough",45,1.5019845365892,1.64506545754111,1.09212458235828
"Cambridgeshire and Peterborough",46,2.09462058971703,1.72060827754396,0.826390627060307
"Cambridgeshire and Peterborough",47,2.50304547520512,1.9995105793424,0.801703490814133
"Cambridgeshire and Peterborough",48,2.74548986557975,2.35226908172828,0.857722196602558
"Cambridgeshire and Peterborough",49,2.52212381957382,2.5492938538261,1.00755302294444
"Cambridgeshire and Peterborough",50,1.75174329734168,1.80134820524763,1.02866932271331
"Cambridgeshire and Peterborough",51,1.3897722250751,1.31731258673801,0.952348860639642
"Cambridgeshire and Peterborough",52,1.78293503995513,1.82919587626608,1.02087691512045
"Cambridgeshire and Peterborough",53,1.19527573072688,0.873475893947567,0.739735762748315
"Cambridgeshire and Peterborough",54,1.19394208798286,0.789452486495474,0.66505179491305
"Cambridgeshire and Peterborough",55,1.31469131907479,0.863608902020455,0.658944315295704
"Cheshire and Merseyside",45,1.63167878146169,1.58201253830646,0.968670669964958
"Cheshire and Merseyside",46,1.82026556967485,0.916819259441846,0.504242271442513
"Cheshire and Merseyside",47,1.96245405714778,1.33999172014468,0.683688683903428
"Cheshire and Merseyside",48,2.19345018609458,1.73207967606041,0.789643147699565
"Cheshire and Merseyside",49,2.47054764616559,3.08281093270882,1.24987159131962
"Cheshire and Merseyside",50,2.60854677806651,3.4955708671034,1.33758016786188
"Cheshire and Merseyside",51,2.3005944893511,2.04606364560019,0.885069496415462
"Cheshire and Merseyside",52,1.71249508915289,3.90122217262329,2.28145073597148
"Cheshire and Merseyside",53,1.45577147279293,1.25973178079269,0.866991958642866
"Cheshire and Merseyside",54,1.7460074340538,0.85471422505987,0.487934918416626
"Cheshire and Merseyside",55,1.78236688274892,0.772861897635132,0.433599051300115
"Cornwall and the Isles of Scilly",45,1.47962970367045,1.65106695655068,1.11814331769685
"Cornwall and the Isles of Scilly",46,1.5505067256427,1.0114554609077,0.642568321064083
"Cornwall and the Isles of Scilly",47,1.55191901926818,0.869658203011714,0.555314359991681
"Cornwall and the Isles of Scilly",48,1.53413007611949,1.14575897900109,0.748540215019745
"Cornwall and the Isles of Scilly",49,1.5215974070843,1.8221600535671,1.18994098374903
"Cornwall and the Isles of Scilly",50,1.53155845678257,2.49480940032989,1.63590460992885
"Cornwall and the Isles of Scilly",51,1.5588435116003,2.68302064813118,1.74542831186703
"Cornwall and the Isles of Scilly",52,1.62674854246791,2.8554357039901,1.75542143331337
"Cornwall and the Isles of Scilly",53,1.78715613677098,1.1469441686689,0.636146987278437
"Cornwall and the Isles of Scilly",54,1.90678520639413,0.783305989361158,0.402559700303098
"Cornwall and the Isles of Scilly",55,1.93677290200765,0.671701615885162,0.3413957969188
"Coventry and Warwickshire",45,1.44168307021072,1.61792282572813,1.11617707065887
"Coventry and Warwickshire",46,1.77744127437659,1.2867752021629,0.722200203253285
"Coventry and Warwickshire",47,2.14636821266923,1.53225800327105,0.711038556745698
"Coventry and Warwickshire",48,2.44681912290079,2.00746534007904,0.816566802730912
"Coventry and Warwickshire",49,2.33725254562276,2.70324386487544,1.15239121221492
"Coventry and Warwickshire",50,2.05398194366809,2.14684915133869,1.04786875081914
"Coventry and Warwickshire",51,1.88352505554881,1.6988202650222,0.905730981162945
"Coventry and Warwickshire",52,1.87874095684184,2.16975978670007,1.14852016943479
"Coventry and Warwickshire",53,1.59485521397344,1.09094242971302,0.68444691923843
"Coventry and Warwickshire",54,1.61217818451383,0.966985065434634,0.604179641449038
"Coventry and Warwickshire",55,1.57935490067653,0.892084319624383,0.568330005109793
"Cumbria and North East",45,1.96625535666457,2.05411823771063,1.04139577852049
"Cumbria and North East",46,2.18820876074833,1.40982572017035,0.649255177567526
"Cumbria and North East",47,2.26487199582055,1.4262648682092,0.632527667711127
"Cumbria and North East",48,2.2594152779087,1.70340570705831,0.751530494796726
"Cumbria and North East",49,2.19370983437904,2.2287692350435,1.02114152165358
"Cumbria and North East",50,1.98862147650194,1.89009310017259,0.954266469130869
"Cumbria and North East",51,1.7316063573866,1.62601908693533,0.946092964617296
"Cumbria and North East",52,1.73751265831409,2.68632386669201,1.54632411704071
"Cumbria and North East",53,1.72205626342035,0.800677960011989,0.463109747740587
"Cumbria and North East",54,1.71031785758655,0.997070203960239,0.580870280165736
"Cumbria and North East",55,1.56845334819442,0.832866839497605,0.53163187853149
"Devon",45,1.37087302659523,1.32207941125053,0.967125614797238
"Devon",46,1.3919111278419,0.916191066597842,0.656846712122924
"Devon",47,1.40881061393819,0.955580841677124,0.680472579647536
"Devon",48,1.45859390305118,1.23722071758183,0.855602649675928
"Devon",49,1.61385924661762,1.92440493063054,1.20126249074848
"Devon",50,1.8463196551318,2.26690996160417,1.22056185453932
"Devon",51,2.03356285312738,1.85490560611215,0.909210811576919
"Devon",52,2.18182619985246,2.35744816958956,1.07411661661516
"Devon",53,1.91023414369195,1.46283545680616,0.766610859279791
"Devon",54,1.77248337463379,0.944970236924185,0.535536041848396
"Devon",55,1.64328267254903,0.672614700368458,0.412992863917403
"Dorset",45,1.55408523695614,1.35837328686884,0.875885448576805
"Dorset",46,1.90704945929813,1.11145738799371,0.579680987754384
"Dorset",47,2.07223350305559,1.2187494406582,0.589134035285586
"Dorset",48,2.04099994826362,1.52466444997146,0.744909710601602
"Dorset",49,1.98414371554905,2.2177391383119,1.11510224506871
"Dorset",50,1.8448121233993,2.54453141626222,1.39758681315295
"Dorset",51,2.0280751379061,2.42987073708325,1.19674282443093
"Dorset",52,2.30316158233391,2.85789330129057,1.24463057440159
"Dorset",53,1.39532076816731,1.23341148279208,0.889051033720988
"Dorset",54,1.28588524231757,0.83292870606403,0.64593008170627
"Dorset",55,1.4611317137455,0.813649225565181,0.555379099211863
"East London Health and Care Partnership",45,1.82906516802747,2.10746604437738,1.14443301193753
"East London Health and Care Partnership",46,1.79227684116945,1.4448029851119,0.807322175984844
"East London Health and Care Partnership",47,1.78901878051299,1.63022088749706,0.913845511937528
"East London Health and Care Partnership",48,1.78271771415034,1.60173991844457,0.905618952294898
"East London Health and Care Partnership",49,1.83037373477959,2.25502035243842,1.23403501452266
"East London Health and Care Partnership",50,1.8731434131302,2.33119254244314,1.24272074537981
"East London Health and Care Partnership",51,1.74608199799152,0.751414082660057,0.430380782440403
"East London Health and Care Partnership",52,1.67500857645878,1.73913310302906,1.0383914305497
"East London Health and Care Partnership",53,1.49348668808708,0.72873702958091,0.490546222052268
"East London Health and Care Partnership",54,1.39785385801695,0.663454937274538,0.476042077847848
"East London Health and Care Partnership",55,1.36751577724292,0.635499079955964,0.464753211804661
"Frimley Health",45,1.93992399278825,1.98028656685827,1.02421843901973
"Frimley Health",46,2.30145724488391,1.7184219251423,0.746053894182722
"Frimley Health",47,2.50625407109042,1.85186810019232,0.732548011020753
"Frimley Health",48,2.15638021078137,1.77754495909818,0.821017748646991
"Frimley Health",49,1.654591785197,1.84464860805623,1.11017016849785
"Frimley Health",50,1.46496599351733,1.75859273428263,1.20096139745149
"Frimley Health",51,1.64966060672951,1.52635445523994,0.931105387428771
"Frimley Health",52,1.94897552480684,1.64439289320455,0.839930385911002
"Frimley Health",53,1.40071481031291,0.815594333966758,0.58481557872832
"Frimley Health",54,1.30303555987237,0.723600022094292,0.551891525087833
"Frimley Health",55,1.26649444860842,0.704388037817416,0.557641400011379
"Gloucestershire",45,1.20129743058443,1.29061428042272,1.07283488252762
"Gloucestershire",46,1.38328533180132,1.13039962646225,0.823334509238685
"Gloucestershire",47,1.58574352713594,1.22013858248294,0.771308420315685
"Gloucestershire",48,1.76953878384169,1.67107641982805,0.93213331659932
"Gloucestershire",49,1.8740444984445,2.28065008979377,1.20855663680714
"Gloucestershire",50,1.92512842802184,2.16142095167023,1.12568247703365
"Gloucestershire",51,1.92541921337639,2.07315965328514,1.07782945463116
"Gloucestershire",52,1.81222213054246,2.0629062304017,1.12932674937889
"Gloucestershire",53,1.61552151050722,0.997688227192268,0.62543997397433
"Gloucestershire",54,1.68913792704653,0.865751672179542,0.513010105940153
"Gloucestershire",55,1.70688229990848,0.86341385082698,0.507604505783331
"Greater Manchester Health and Social Care Partnership",45,1.69321248810244,1.31747683414353,0.775635276849046
"Greater Manchester Health and Social Care Partnership",46,1.85292171928575,1.12507093155616,0.608244365833356
"Greater Manchester Health and Social Care Partnership",47,1.98092837111208,1.43091993982639,0.723269421377275
"Greater Manchester Health and Social Care Partnership",48,2.11323574570148,1.68914637328733,0.800030281341341
"Greater Manchester Health and Social Care Partnership",49,2.22413693570862,2.18710044798167,0.990132330689003
"Greater Manchester Health and Social Care Partnership",50,2.31618053650711,2.19569233323559,0.947132108442266
"Greater Manchester Health and Social Care Partnership",51,2.26101662660195,2.11768276564179,0.929510154372745
"Greater Manchester Health and Social Care Partnership",52,2.11359351094892,2.71274389954976,1.28354383845904
"Greater Manchester Health and Social Care Partnership",53,1.91113079049207,1.43805793699751,0.757326322999618
"Greater Manchester Health and Social Care Partnership",54,1.77908176301139,0.936869105688826,0.529748585576805
"Greater Manchester Health and Social Care Partnership",55,1.77117728623896,0.865374749892956,0.49016067883657
"Hampshire and the Isle of Wight",45,1.80422309898514,2.04018680159536,1.12816122969847
"Hampshire and the Isle of Wight",46,1.93596208013446,1.09657574682684,0.57213494612228
"Hampshire and the Isle of Wight",47,2.09499974656924,1.29524679300003,0.617045406445064
"Hampshire and the Isle of Wight",48,2.15804804472434,1.73422562141005,0.794011343347568
"Hampshire and the Isle of Wight",49,1.95710215246878,2.33133837754504,1.1821512989844
"Hampshire and the Isle of Wight",50,1.58548685737578,2.11460803195277,1.3337005863226
"Hampshire and the Isle of Wight",51,1.7210540274216,1.6802170082442,0.986471343528115
"Hampshire and the Isle of Wight",52,2.08209256128391,2.20101069502358,1.05475733434959
"Hampshire and the Isle of Wight",53,1.64906787887154,0.866879260863373,0.527660032482151
"Hampshire and the Isle of Wight",54,1.42555413811831,0.821364019662052,0.579718574211497
"Hampshire and the Isle of Wight",55,1.22991279792382,0.70095970022903,0.570763714203749
"Healthier Lancashire and South Cumbria",45,1.76568303460064,1.46748825435906,0.834403585194107
"Healthier Lancashire and South Cumbria",46,1.84697466445911,1.30282456587162,0.708271272573467
"Healthier Lancashire and South Cumbria",47,1.94644386179393,1.52781635237794,0.788178322557365
"Healthier Lancashire and South Cumbria",48,2.0829977276589,1.75272071559488,0.84180790635947
"Healthier Lancashire and South Cumbria",49,2.23641330861001,2.43464359437357,1.07988763287666
"Healthier Lancashire and South Cumbria",50,2.06012004178812,2.03839528722473,0.989886778200083
"Healthier Lancashire and South Cumbria",51,1.80052146743811,1.62199115788795,0.916585450525761
"Healthier Lancashire and South Cumbria",52,1.85271051631362,2.57602170594483,1.38421788043489
"Healthier Lancashire and South Cumbria",53,1.6972976339393,1.31308749759438,0.780093634273786
"Healthier Lancashire and South Cumbria",54,1.74395622085872,1.00669254874013,0.57706722671181
"Healthier Lancashire and South Cumbria",55,1.79224699541297,0.872523366888627,0.485473684013411
"Herefordshire and Worcestershire",45,1.43043593382034,1.5119951056023,1.04745165013525
"Herefordshire and Worcestershire",46,1.58074191697242,1.04090040221147,0.658584800690495
"Herefordshire and Worcestershire",47,1.6707230577032,0.958697437605582,0.578566440128407
"Herefordshire and Worcestershire",48,1.7683941482352,1.24660808062311,0.7092424560122
"Herefordshire and Worcestershire",49,1.95307998996754,2.32792285540418,1.18871683346687
"Herefordshire and Worcestershire",50,2.13535291530885,2.70159481797607,1.27122255131656
"Herefordshire and Worcestershire",51,2.22780138118459,2.32536450956311,1.04550473224997
"Herefordshire and Worcestershire",52,2.14830533838282,2.71901895354853,1.25686423056414
"Herefordshire and Worcestershire",53,1.75601333863075,1.32971758244524,0.759731537043822
"Herefordshire and Worcestershire",54,1.55889367681006,0.952090952404161,0.610361619918903
"Herefordshire and Worcestershire",55,1.44793958795513,0.735066019387769,0.510062657757805
"Hertfordshire and West Essex",45,1.89451930086462,2.06542214365437,1.09072933020712
"Hertfordshire and West Essex",46,1.99205780990396,1.47812352113201,0.744295173473064
"Hertfordshire and West Essex",47,2.13342884581778,1.74992936621263,0.816910087971731
"Hertfordshire and West Essex",48,2.15014070371329,2.05400643133467,0.948742407456966
"Hertfordshire and West Essex",49,2.04647363727165,2.3921584437279,1.16830058499313
"Hertfordshire and West Essex",50,1.85291186007756,2.2386125038567,1.20857251026457
"Hertfordshire and West Essex",51,1.6160077450879,1.33153500266924,0.825948273168498
"Hertfordshire and West Essex",52,1.5692255153542,1.35908876206263,0.864300220156867
"Hertfordshire and West Essex",53,1.39688323404423,0.725170751334367,0.520930113190857
"Hertfordshire and West Essex",54,1.4329548798815,0.70530579990441,0.4930909698255
"Hertfordshire and West Essex",55,1.47543882483015,0.71187061997702,0.482084441923219
"Humber, Coast and Vale",45,1.46508145126622,1.34735159441181,0.916296093465351
"Humber, Coast and Vale",46,1.64753354648915,1.00260456228421,0.60797711790839
"Humber, Coast and Vale",47,1.77157796514716,1.06277443828904,0.602067839473246
"Humber, Coast and Vale",48,1.86267327536743,1.3864583497992,0.744434517209317
"Humber, Coast and Vale",49,2.17375176800117,2.01204286464578,0.920874384019089
"Humber, Coast and Vale",50,2.74041756375119,2.96806642123115,1.07981859626571
"Humber, Coast and Vale",51,2.3918140787938,2.13421033377839,0.896914804256872
"Humber, Coast and Vale",52,1.77034068463081,2.21546266494167,1.24868517178644
"Humber, Coast and Vale",53,1.3252587928725,0.978461788227041,0.739481371043755
"Humber, Coast and Vale",54,1.2580111604887,0.745768859021299,0.596546257040774
"Humber, Coast and Vale",55,1.36624429561457,0.822453357842164,0.596640194764517
"Joined Up Care Derbyshire",45,1.76656906157647,1.5459028317472,0.879908886857696
"Joined Up Care Derbyshire",46,2.26432561584339,1.39481350248142,0.616644265291342
"Joined Up Care Derbyshire",47,2.64089415583809,1.73861098305212,0.655618774959353
"Joined Up Care Derbyshire",48,2.54353419675538,2.17170216526277,0.85085454953686
"Joined Up Care Derbyshire",49,2.16361852833892,2.40728139181011,1.12118761355722
"Joined Up Care Derbyshire",50,1.94451177897346,1.85711338499307,0.960966175699336
"Joined Up Care Derbyshire",51,1.80831247936564,1.52847333935701,0.856049772518927
"Joined Up Care Derbyshire",52,1.85031224512512,2.25461490480367,1.21033746325858
"Joined Up Care Derbyshire",53,1.51869328193246,1.14036521040624,0.754599716848779
"Joined Up Care Derbyshire",54,1.44428891314166,1.03494402235651,0.718726161834977
"Joined Up Care Derbyshire",55,1.34454887412343,0.985096507109561,0.733217577052312
"Kent and Medway",45,1.67827253183665,2.08534382484198,1.23941996028579
"Kent and Medway",46,1.75877091600671,1.08809425228506,0.619342007000838
"Kent and Medway",47,1.94441906267317,1.45740492695819,0.744064136757682
"Kent and Medway",48,1.62297154356331,1.21005311359984,0.75028223600674
"Kent and Medway",49,1.38102035493869,1.60052855715092,1.15776736977528
"Kent and Medway",50,1.21191412606117,1.44295393578363,1.18273917520709
"Kent and Medway",51,1.10607546606419,0.674080982480153,0.615181241137253
"Kent and Medway",52,1.45851285956399,1.52813594824181,1.04510281520029
"Kent and Medway",53,1.21511934522718,0.654246991960146,0.536555348187488
"Kent and Medway",54,1.1713991152702,0.734277361462764,0.628752202614382
"Kent and Medway",55,1.11235313036655,0.710837061572583,0.637218466658796
"Leicester, Leicestershire and Rutland",45,1.48877039215905,1.6099916995245,1.08380203505897
"Leicester, Leicestershire and Rutland",46,1.74690391463758,1.16645326087828,0.669145027500587
"Leicester, Leicestershire and Rutland",47,1.81090059167648,1.25216585447479,0.690845736720361
"Leicester, Leicestershire and Rutland",48,1.79364828406853,1.50294871306877,0.839030657008193
"Leicester, Leicestershire and Rutland",49,1.74607232329471,1.81380551920453,1.04767875947161
"Leicester, Leicestershire and Rutland",50,1.95655908534134,2.00736852195494,1.03228099800518
"Leicester, Leicestershire and Rutland",51,2.50993324917474,2.25227734414835,0.892087879469623
"Leicester, Leicestershire and Rutland",52,2.43813221982136,2.53057776648673,1.0350842115264
"Leicester, Leicestershire and Rutland",53,1.57257626124436,1.10999537331474,0.707963165871937
"Leicester, Leicestershire and Rutland",54,1.54488301475577,1.04240243150378,0.678883993872599
"Leicester, Leicestershire and Rutland",55,1.58368828330846,1.02433940580226,0.647182386558166
"Lincolnshire",45,1.39471625937212,1.58156006881541,1.13136875026692
"Lincolnshire",46,1.50731323273657,1.19301252439236,0.800721918115605
"Lincolnshire",47,1.60518237357959,1.42619210029859,0.888778043464063
"Lincolnshire",48,1.71595642267763,1.68869682393134,0.984023762393312
"Lincolnshire",49,1.86542930214042,1.96022941216801,1.04620703527922
"Lincolnshire",50,2.00930309360326,1.84239696331336,0.914376046725279
"Lincolnshire",51,2.06880981768883,1.84117407707698,0.885186758613202
"Lincolnshire",52,2.13159341433849,1.83533644146502,0.855454719695039
"Lincolnshire",53,1.96521685914179,1.22680356289668,0.629596971705397
"Lincolnshire",54,1.89108560735067,1.05844192256568,0.564477355788283
"Lincolnshire",55,1.89039444141072,1.0163408088723,0.535670265760872
"Mid and South Essex",45,2.15498035728426,2.78043052791785,1.28708423440703
"Mid and South Essex",46,2.09658370634617,1.49849749577709,0.71200394870517
"Mid and South Essex",47,1.91244964134628,1.52696819146518,0.796674596484492
"Mid and South Essex",48,1.72228857900002,1.55485656485088,0.905601149643931
"Mid and South Essex",49,1.75388771564799,2.64944280714692,1.51136045724952
"Mid and South Essex",50,1.72740376180406,2.25878443736204,1.30373504047639
"Mid and South Essex",51,1.5255199086176,0.73612066444839,0.489575543574919
"Mid and South Essex",52,1.5387728360359,1.60064778908235,1.03401481140457
"Mid and South Essex",53,1.23064813637071,0.503556824027625,0.416288781581345
"Mid and South Essex",54,1.24703205827789,0.708458814952362,0.565157210207467
"Mid and South Essex",55,1.16295099720248,0.595063153548543,0.514933286782399
"Norfolk and Waveney Health and Care Partnership",45,1.77781812090129,1.92936082911411,1.08603815626493
"Norfolk and Waveney Health and Care Partnership",46,1.76201947987132,1.258267704345,0.710524264846736
"Norfolk and Waveney Health and Care Partnership",47,1.62441654632218,1.26032843872071,0.771937614485423
"Norfolk and Waveney Health and Care Partnership",48,1.40717089696138,1.32486268710271,0.952492801460068
"Norfolk and Waveney Health and Care Partnership",49,1.38149743342637,1.55016761337692,1.14489908185973
"Norfolk and Waveney Health and Care Partnership",50,1.73001737902178,2.15435791926581,1.22839504253257
"Norfolk and Waveney Health and Care Partnership",51,1.71207147179478,1.73632961224017,1.0196625435795
"Norfolk and Waveney Health and Care Partnership",52,1.82009604232975,2.03765215213882,1.11443029926187
"Norfolk and Waveney Health and Care Partnership",53,1.82496633761957,0.911940312936832,0.503485904171903
"Norfolk and Waveney Health and Care Partnership",54,2.12366738852326,0.98851685148012,0.461315213812558
"Norfolk and Waveney Health and Care Partnership",55,1.97477279721637,0.817339503746505,0.41230215437693
"North London Partners in Health and Care",45,1.90646861244723,2.21928128983323,1.16480390430321
"North London Partners in Health and Care",46,2.01561197710607,1.45103419591372,0.718189036195315
"North London Partners in Health and Care",47,2.09029006012589,1.69762312135047,0.811488338017468
"North London Partners in Health and Care",48,2.10905334158186,2.06694044360609,0.970832853507481
"North London Partners in Health and Care",49,2.00287122500718,2.2441780598411,1.12413582787772
"North London Partners in Health and Care",50,1.8921557255368,2.33795012122663,1.23484065697281
"North London Partners in Health and Care",51,1.69862149993877,1.08400492907892,0.642471434216923
"North London Partners in Health and Care",52,1.68081839573906,1.42254777674725,0.844164110233285
"North London Partners in Health and Care",53,1.47522426322796,0.876150500501982,0.594050782554136
"North London Partners in Health and Care",54,1.28914215505344,0.612389894876853,0.478245089474778
"North London Partners in Health and Care",55,1.23701267172855,0.706837300575362,0.572077663482853
"North West London Health and Care Partnership",45,1.94255838990218,2.17733305833567,1.12521445200777
"North West London Health and Care Partnership",46,2.01093993873639,1.54788262397008,0.769809486388479
"North West London Health and Care Partnership",47,2.02546172384298,1.59684764780088,0.785194574229688
"North West London Health and Care Partnership",48,1.98361672241908,1.75238435295189,0.883078059509553
"North West London Health and Care Partnership",49,1.97803273792706,2.4193699067154,1.22430570343483
"North West London Health and Care Partnership",50,2.00580776992922,2.54335683273612,1.26045496546029
"North West London Health and Care Partnership",51,1.85412360828913,1.3382337153853,0.722093664752961
"North West London Health and Care Partnership",52,1.77647952495967,1.4851588102157,0.83619587227169
"North West London Health and Care Partnership",53,1.60176401127662,1.03038642669478,0.644020696008491
"North West London Health and Care Partnership",54,1.44232298032167,0.733370934353378,0.513126202943834
"North West London Health and Care Partnership",55,1.45598817020275,0.755208497392166,0.518745563503469
"Northamptonshire",45,1.53198374886248,1.59757974728783,1.04445884539494
"Northamptonshire",46,1.68538820896274,1.15196346370485,0.687717875714828
"Northamptonshire",47,1.78800424443093,1.280858169862,0.720792965737919
"Northamptonshire",48,1.86037465430379,1.75111223549374,0.941591082285598
"Northamptonshire",49,2.00033916616589,2.47167698274035,1.23415932908759
"Northamptonshire",50,2.17614270537579,2.20929056689352,1.01190729592106
"Northamptonshire",51,2.12453294884145,1.92981155181123,0.913981754178489
"Northamptonshire",52,1.9089798568903,2.31731651601656,1.21575913718105
"Northamptonshire",53,1.42926830754704,0.984140252614475,0.690932408736018
"Northamptonshire",54,1.27422341193821,0.771276250422371,0.608872253045396
"Northamptonshire",55,1.30578570624252,0.940507561104711,0.720440524221657
"Nottingham and Nottinghamshire Health and Care",45,1.50703206970721,1.20965842034856,0.80876984788541
"Nottingham and Nottinghamshire Health and Care",46,1.70264245167167,1.28349660286423,0.752269352462624
"Nottingham and Nottinghamshire Health and Care",47,1.8403989905139,1.36481084857453,0.741541652990714
"Nottingham and Nottinghamshire Health and Care",48,2.02015028239335,1.8136210288714,0.897393678770246
"Nottingham and Nottinghamshire Health and Care",49,2.26061810930856,2.74137732437039,1.19792483797533
"Nottingham and Nottinghamshire Health and Care",50,2.35413309873671,2.33421263798078,0.998087823499
"Nottingham and Nottinghamshire Health and Care",51,2.21892265284037,1.83005584491841,0.82249228132908
"Nottingham and Nottinghamshire Health and Care",52,1.90614056180975,2.24515988513867,1.17291880633782
"Nottingham and Nottinghamshire Health and Care",53,1.53314483478799,1.20889242585188,0.794835330156517
"Nottingham and Nottinghamshire Health and Care",54,1.49478841697596,0.863537111529661,0.582746122308644
"Nottingham and Nottinghamshire Health and Care",55,1.72251520046296,1.02887753194131,0.597598061258282
"Our Healthier South East London",45,2.07114602445421,2.48973357009265,1.19201852169431
"Our Healthier South East London",46,2.01965602685642,1.32499624327843,0.656670614572751
"Our Healthier South East London",47,1.97883441243312,1.55131460401789,0.783394468021939
"Our Healthier South East London",48,1.81330721084407,1.61745760557372,0.897966180092686
"Our Healthier South East London",49,1.76885143295645,2.21339716196232,1.25705885797309
"Our Healthier South East London",50,1.79373924405736,2.32046447682396,1.28839431267978
"Our Healthier South East London",51,1.5914173422942,0.920863616804362,0.583114534622224
"Our Healthier South East London",52,1.54620616335976,1.54930159812714,0.999822311229871
"Our Healthier South East London",53,1.36326262553944,0.822017862463046,0.603426922355118
"Our Healthier South East London",54,1.28231031782759,0.593172485398252,0.464880180135346
"Our Healthier South East London",55,1.31590284065456,0.70984434841455,0.541470198899835
"Shropshire and Telford and Wrekin",45,1.3470628016716,1.27522044019299,0.941612015530576
"Shropshire and Telford and Wrekin",46,1.41183826376183,0.98674225645094,0.700357449160447
"Shropshire and Telford and Wrekin",47,1.498752787821,0.985365053528223,0.662507915525343
"Shropshire and Telford and Wrekin",48,1.66190102353956,1.19747646447968,0.723425775926474
"Shropshire and Telford and Wrekin",49,1.95175001686977,1.92791185723786,0.986497419744212
"Shropshire and Telford and Wrekin",50,2.30698868222648,2.13336011476691,0.930854107505051
"Shropshire and Telford and Wrekin",51,2.61249381366666,2.57668213228728,0.99217954986939
"Shropshire and Telford and Wrekin",52,2.48328163228422,3.48946781567822,1.38648253600346
"Shropshire and Telford and Wrekin",53,1.59266039211676,1.39891132882037,0.878206856800213
"Shropshire and Telford and Wrekin",54,1.3432049336,0.900762395539814,0.674270657252429
"Shropshire and Telford and Wrekin",55,1.31314784363634,0.751819581810429,0.575935528813231
"Somerset",45,1.47274684565842,1.65840248510683,1.12280001038165
"Somerset",46,1.7350431862511,1.48035847699388,0.845556866923513
"Somerset",47,1.87327517438816,1.45694029189757,0.778286665787722
"Somerset",48,1.973536010833,1.64645161122439,0.830911635148224
"Somerset",49,2.02049028639628,1.99669632215358,0.974987494802679
"Somerset",50,1.77632553024039,1.8322273720953,1.03460037199486
"Somerset",51,1.58846983541254,1.75542696499472,1.10823285422661
"Somerset",52,1.54134015580929,1.62126367050313,1.04737306695947
"Somerset",53,1.26582249173216,0.955921100840744,0.75922238588414
"Somerset",54,1.24103208566057,0.894668358259739,0.722052591770369
"Somerset",55,1.14027528851516,0.815584381118377,0.718841358587478
"South West London Health and Care Partnership",45,2.10059348535564,2.34719475923887,1.11590793792747
"South West London Health and Care Partnership",46,2.22345466420721,1.54099884223507,0.700302937392107
"South West London Health and Care Partnership",47,2.21588011727824,1.75538078095682,0.789602623788545
"South West London Health and Care Partnership",48,1.94537057899188,1.8188348922622,0.938024528129713
"South West London Health and Care Partnership",49,1.78822058260645,2.19271673720008,1.23471109254963
"South West London Health and Care Partnership",50,1.78731154622433,2.31021465980162,1.2786427877397
"South West London Health and Care Partnership",51,1.48811452724336,1.10079107157042,0.749506045571484
"South West London Health and Care Partnership",52,1.56057969293806,1.39135207303834,0.886557078523324
"South West London Health and Care Partnership",53,1.42370338255733,0.80031946629715,0.562990828905567
"South West London Health and Care Partnership",54,1.35445033134259,0.711842061457867,0.526263341031779
"South West London Health and Care Partnership",55,1.32220378801581,0.683288633471424,0.517838878342622
"South Yorkshire and Bassetlaw",45,1.59008005022525,1.22954207070187,0.777034474007744
"South Yorkshire and Bassetlaw",46,1.6904596032111,1.15691993717811,0.686325301927377
"South Yorkshire and Bassetlaw",47,1.71747697070522,1.28595671106818,0.751234596053901
"South Yorkshire and Bassetlaw",48,1.74612965637694,1.52812745547113,0.875211134340551
"South Yorkshire and Bassetlaw",49,1.88743039946358,2.0334556374296,1.07574009351539
"South Yorkshire and Bassetlaw",50,2.14524983472775,2.10490830587693,0.980394144972366
"South Yorkshire and Bassetlaw",51,2.31605530948352,2.27640131000327,0.978160429515405
"South Yorkshire and Bassetlaw",52,2.31562873957298,2.72462744835613,1.17130223823585
"South Yorkshire and Bassetlaw",53,1.99678725156722,1.33434600732214,0.668579696541562
"South Yorkshire and Bassetlaw",54,1.74917615402385,1.01162368284838,0.578737762952406
"South Yorkshire and Bassetlaw",55,1.61298376655899,1.12968747860604,0.705919298183692
"Staffordshire and Stoke on Trent",45,1.46062282666777,1.56036793166957,1.06333031682218
"Staffordshire and Stoke on Trent",46,1.60426666496159,1.13318410625368,0.706526509690506
"Staffordshire and Stoke on Trent",47,1.71806370395894,1.26331586286314,0.735074217441448
"Staffordshire and Stoke on Trent",48,1.93799723501058,1.62096471837452,0.839692974204052
"Staffordshire and Stoke on Trent",49,2.267186836152,2.44038143314831,1.07451454462863
"Staffordshire and Stoke on Trent",50,2.37611773803877,2.12509384495296,0.902809277885363
"Staffordshire and Stoke on Trent",51,2.29717314370977,1.89749641534457,0.822556927162372
"Staffordshire and Stoke on Trent",52,1.9719670277985,2.22210628198161,1.11715457646745
"Staffordshire and Stoke on Trent",53,1.49237366535443,1.14023088833243,0.767727174276425
"Staffordshire and Stoke on Trent",54,1.47131025454175,0.945271285580621,0.641297216659565
"Staffordshire and Stoke on Trent",55,1.55775313099532,0.906659503917681,0.581311361550089
"Suffolk and North East Essex",45,1.70253718915574,1.59469044548941,0.934777969352223
"Suffolk and North East Essex",46,1.98746169672531,1.68728103928103,0.842944773630407
"Suffolk and North East Essex",47,1.88854879734877,1.57214877584203,0.836985196515343
"Suffolk and North East Essex",48,1.86892154274545,1.7688744770439,0.943171634671282
"Suffolk and North East Essex",49,2.11510111617607,2.57853695428922,1.20426303500814
"Suffolk and North East Essex",50,1.68688583551846,2.10312280129264,1.24710704443752
"Suffolk and North East Essex",51,1.49310489837363,1.37253308565196,0.937963566357165
"Suffolk and North East Essex",52,2.55542718327102,2.40269894061411,0.937205319058979
"Suffolk and North East Essex",53,1.9608805839482,0.861810390112508,0.44363109426357
"Suffolk and North East Essex",54,1.80493292207064,0.717166114215615,0.399637406833528
"Suffolk and North East Essex",55,1.61344075203534,0.717921373731397,0.448484657216693
"Surrey Heartlands",45,2.00273172733973,1.89004622343219,0.93845760930519
"Surrey Heartlands",46,2.11298745376983,1.47766837217853,0.702178557499555
"Surrey Heartlands",47,2.0296206086314,1.4970805025154,0.732592534187088
"Surrey Heartlands",48,1.80745337802493,1.64151571613566,0.90504641230034
"Surrey Heartlands",49,1.63362280711911,1.83264053997453,1.1317618453537
"Surrey Heartlands",50,1.56659893570217,1.87987774079567,1.19703211498985
"Surrey Heartlands",51,1.5040447208683,1.4713946184099,0.987542139797631
"Surrey Heartlands",52,1.48630028576683,1.33728931428647,0.896182541023281
"Surrey Heartlands",53,1.34151329636539,0.832216676221989,0.620633924355936
"Surrey Heartlands",54,1.34564706359992,0.704815035192071,0.526673117098509
"Surrey Heartlands",55,1.36571192487637,0.663446820124094,0.483856104409915
"Sussex and East Surrey",45,2.20697089593529,2.62366610126682,1.18533776017453
"Sussex and East Surrey",46,2.10977837529912,1.21462478535777,0.579115713232148
"Sussex and East Surrey",47,2.06793855699054,1.17888200172353,0.571722085580404
"Sussex and East Surrey",48,2.02257873606136,1.65026954527166,0.807391782271839
"Sussex and East Surrey",49,1.79851285703339,2.1712376325893,1.20058818096882
"Sussex and East Surrey",50,1.57494928488184,2.11518899671084,1.34330769153836
"Sussex and East Surrey",51,1.44820396727121,1.24300511246058,0.863313276545226
"Sussex and East Surrey",52,1.61895604731806,1.86768067933976,1.14972260001821
"Sussex and East Surrey",53,1.29417315288689,0.747807535794915,0.581282347834691
"Sussex and East Surrey",54,1.2658267355311,0.819372438553255,0.646326996439218
"Sussex and East Surrey",55,1.10349345947621,0.63160379613305,0.575969309069768
"The Black Country and West Birmingham",45,1.83123450610337,2.11367734147932,1.15399393548711
"The Black Country and West Birmingham",46,2.041573819175,1.57111645580717,0.774191084005421
"The Black Country and West Birmingham",47,2.25480875483428,1.54299092445655,0.682468788396583
"The Black Country and West Birmingham",48,2.41754624144137,1.85115087083698,0.764653222188753
"The Black Country and West Birmingham",49,2.4874656935959,2.48882400687779,0.99664303238779
"The Black Country and West Birmingham",50,2.31350527321879,2.24430260174175,0.965880959810476
"The Black Country and West Birmingham",51,1.99348508230972,1.65154200548434,0.832501342431004
"The Black Country and West Birmingham",52,2.04131011835291,2.60765718268477,1.27677057526354
"The Black Country and West Birmingham",53,1.7737928946802,1.11529301302056,0.629136864033134
"The Black Country and West Birmingham",54,1.67626367157077,1.00884149031942,0.601637202562674
"The Black Country and West Birmingham",55,1.64797197549884,0.844672703380351,0.511777866961209
"West Yorkshire and Harrogate (Health and Care Partnership)",45,1.65591498637721,1.50024193789574,0.903288873548372
"West Yorkshire and Harrogate (Health and Care Partnership)",46,1.77406850475791,1.09086344357965,0.612164521936228
"West Yorkshire and Harrogate (Health and Care Partnership)",47,1.83497196335264,1.21729872867848,0.661061845794316
"West Yorkshire and Harrogate (Health and Care Partnership)",48,1.92710105546895,1.51299158453998,0.787348735359666
"West Yorkshire and Harrogate (Health and Care Partnership)",49,2.05708676078041,1.87360137158864,0.906517492988665
"West Yorkshire and Harrogate (Health and Care Partnership)",50,2.19399912323442,2.00984183511134,0.914484301249191
"West Yorkshire and Harrogate (Health and Care Partnership)",51,2.23289252809005,2.18200826147305,0.974335121022512
"West Yorkshire and Harrogate (Health and Care Partnership)",52,2.15202173056971,2.80044462298021,1.292778414802
"West Yorkshire and Harrogate (Health and Care Partnership)",53,1.83886723065316,1.22266367614568,0.668043552577368
"West Yorkshire and Harrogate (Health and Care Partnership)",54,1.73719844729365,1.00786174431126,0.580917757815949
"West Yorkshire and Harrogate (Health and Care Partnership)",55,1.76814115455488,1.1214366100291,0.632823898442968
