"date","region","cases"
2020-01-30,"England",2
2020-01-31,"England",0
2020-02-01,"England",0
2020-02-02,"England",0
2020-02-03,"England",0
2020-02-04,"England",0
2020-02-05,"England",1
2020-02-06,"England",0
2020-02-07,"England",0
2020-02-08,"England",4
2020-02-09,"England",1
2020-02-10,"England",0
2020-02-11,"England",1
2020-02-12,"England",0
2020-02-13,"England",0
2020-02-14,"England",0
2020-02-15,"England",0
2020-02-16,"England",0
2020-02-17,"England",0
2020-02-18,"England",0
2020-02-19,"England",0
2020-02-20,"England",0
2020-02-21,"England",1
2020-02-22,"England",0
2020-02-23,"England",1
2020-02-24,"England",2
2020-02-25,"England",5
2020-02-26,"England",4
2020-02-27,"England",7
2020-02-28,"England",11
2020-02-29,"England",5
2020-03-01,"England",20
2020-03-02,"England",38
2020-03-03,"England",53
2020-03-04,"England",49
2020-03-05,"England",46
2020-03-06,"England",73
2020-03-07,"England",55
2020-03-08,"England",50
2020-03-09,"England",125
2020-03-10,"England",227
2020-03-11,"England",353
2020-03-12,"England",414
2020-03-13,"England",392
2020-03-14,"England",315
2020-03-15,"England",396
2020-03-16,"England",545
2020-03-17,"England",681
2020-03-18,"England",908
2020-03-19,"England",926
2020-03-20,"England",1089
2020-03-21,"England",1030
2020-03-22,"England",1207
2020-03-23,"England",2011
2020-03-24,"England",2026
2020-03-25,"England",2253
2020-03-26,"England",2611
2020-03-27,"England",2655
2020-03-28,"England",2368
2020-03-29,"England",2437
2020-03-30,"England",3516
2020-03-31,"England",3788
2020-04-01,"England",4119
2020-04-02,"England",4064
2020-04-03,"England",4083
2020-04-04,"England",3376
2020-04-05,"England",3077
2020-04-06,"England",4372
2020-04-07,"England",4566
2020-04-08,"England",4287
2020-04-09,"England",4058
2020-04-10,"England",3578
2020-04-11,"England",3057
2020-04-12,"England",2940
2020-04-13,"England",3430
2020-04-14,"England",3542
2020-04-15,"England",4216
2020-04-16,"England",4346
2020-04-17,"England",4068
2020-04-18,"England",4104
2020-04-19,"England",3470
2020-04-20,"England",3682
2020-04-21,"England",3977
2020-04-22,"England",4798
2020-04-23,"England",4557
2020-04-24,"England",4344
2020-04-25,"England",3372
2020-04-26,"England",3133
2020-04-27,"England",4025
2020-04-28,"England",4109
2020-04-29,"England",4729
2020-04-30,"England",4306
2020-05-01,"England",4087
2020-05-02,"England",2743
2020-05-03,"England",2630
2020-05-04,"England",2844
2020-05-05,"England",3137
2020-05-06,"England",3263
2020-05-07,"England",3204
2020-05-08,"England",2620
2020-05-09,"England",1794
2020-05-10,"England",2001
2020-05-11,"England",3060
2020-05-12,"England",2919
2020-05-13,"England",2885
2020-05-14,"England",2210
2020-05-15,"England",2130
2020-05-16,"England",1767
2020-05-17,"England",1587
2020-05-18,"England",2206
2020-05-19,"England",2583
2020-05-20,"England",2341
2020-05-21,"England",2267
2020-05-22,"England",1791
2020-05-23,"England",1302
2020-05-24,"England",1200
2020-05-25,"England",1376
2020-05-26,"England",1449
2020-05-27,"England",1609
2020-05-28,"England",1571
2020-05-29,"England",1371
2020-05-30,"England",997
2020-05-31,"England",987
2020-06-01,"England",1314
2020-06-02,"England",1348
2020-06-03,"England",1238
2020-06-04,"England",1144
2020-06-05,"England",1021
2020-06-06,"England",725
2020-06-07,"England",665
2020-06-08,"England",991
2020-06-09,"England",1054
2020-06-10,"England",1079
2020-06-11,"England",912
2020-06-12,"England",942
2020-06-13,"England",791
2020-06-14,"England",743
2020-06-15,"England",937
2020-06-16,"England",992
2020-06-17,"England",910
2020-06-18,"England",943
2020-06-19,"England",818
2020-06-20,"England",628
2020-06-21,"England",549
2020-06-22,"England",815
2020-06-23,"England",731
2020-06-24,"England",727
2020-06-25,"England",634
2020-06-26,"England",642
2020-06-27,"England",504
2020-06-28,"England",410
2020-06-29,"England",665
2020-06-30,"England",573
2020-07-01,"England",616
2020-07-02,"England",564
2020-07-03,"England",542
2020-07-04,"England",387
2020-07-05,"England",541
2020-07-06,"England",657
2020-07-07,"England",559
2020-07-08,"England",672
2020-07-09,"England",683
2020-07-10,"England",518
2020-07-11,"England",419
2020-07-12,"England",354
2020-07-13,"England",690
2020-07-14,"England",650
2020-07-15,"England",724
2020-07-16,"England",641
2020-07-17,"England",548
2020-07-18,"England",467
2020-07-19,"England",414
2020-07-20,"England",753
2020-07-21,"England",690
2020-07-22,"England",748
2020-07-23,"England",731
2020-07-24,"England",718
2020-07-25,"England",493
2020-07-26,"England",515
2020-07-27,"England",807
2020-07-28,"England",779
2020-07-29,"England",972
2020-07-30,"England",858
2020-07-31,"England",626
2020-08-01,"England",494
2020-08-02,"England",513
2020-08-03,"England",938
2020-08-04,"England",920
2020-08-05,"England",941
2020-08-06,"England",980
2020-08-07,"England",867
2020-08-08,"England",635
2020-08-09,"England",555
2020-08-10,"England",1351
2020-08-11,"England",1211
2020-08-12,"England",1095
2020-08-13,"England",1021
2020-08-14,"England",1039
2020-08-15,"England",642
2020-08-16,"England",530
2020-08-17,"England",1136
2020-08-18,"England",925
2020-08-19,"England",1074
2020-08-20,"England",1218
2020-08-21,"England",1006
2020-08-22,"England",716
2020-08-23,"England",697
2020-08-24,"England",1132
2020-08-25,"England",1060
2020-08-26,"England",1138
2020-08-27,"England",1325
2020-08-28,"England",1383
2020-08-29,"England",1040
2020-08-30,"England",976
2020-08-31,"England",1261
2020-09-01,"England",1928
2020-09-02,"England",2615
2020-09-03,"England",2665
2020-09-04,"England",2590
2020-09-05,"England",2189
2020-09-06,"England",2057
2020-09-07,"England",3463
2020-09-08,"England",2999
2020-09-09,"England",2851
2020-09-10,"England",3101
2020-09-11,"England",2854
2020-09-12,"England",2207
2020-09-13,"England",1708
2020-09-14,"England",2898
2020-09-15,"England",3040
2020-09-16,"England",3744
2020-09-17,"England",3935
2020-09-18,"England",4274
2020-09-19,"England",4179
2020-09-20,"England",4623
2020-09-21,"England",4700
2020-09-22,"England",5358
2020-09-23,"England",5890
2020-09-24,"England",6291
2020-09-25,"England",6035
2020-09-26,"England",5649
2020-09-27,"England",6023
2020-09-28,"England",8581
2020-09-29,"England",8718
2020-09-30,"England",10521
2020-10-01,"England",11305
2020-10-02,"England",11574
2020-10-03,"England",9700
2020-10-04,"England",9834
2020-10-05,"England",14034
2020-10-06,"England",14300
2020-10-07,"England",15194
2020-10-08,"England",15264
2020-10-09,"England",13011
2020-10-10,"England",10154
2020-10-11,"England",9653
2020-10-12,"England",16193
2020-10-13,"England",15431
2020-10-14,"England",16444
2020-10-15,"England",15243
2020-10-16,"England",14547
2020-10-17,"England",12349
2020-10-18,"England",11854
2020-10-19,"England",22101
2020-10-20,"England",21341
2020-10-21,"England",21485
2020-10-22,"England",19612
2020-10-23,"England",18110
2020-10-24,"England",13519
2020-10-25,"England",13166
2020-10-26,"England",22754
2020-10-27,"England",20488
2020-10-28,"England",20233
2020-10-29,"England",19975
2020-10-30,"England",19643
2020-10-31,"England",14351
2020-11-01,"England",13370
2020-11-02,"England",27924
2020-11-03,"England",22304
2020-11-04,"England",20690
2020-11-05,"England",20874
2020-11-06,"England",20824
2020-11-07,"England",16620
2020-11-08,"England",17961
2020-11-09,"England",28095
2020-11-10,"England",24465
2020-11-11,"England",24646
2020-11-12,"England",21945
2020-11-13,"England",21652
2020-11-14,"England",16035
2020-11-15,"England",14211
2020-11-16,"England",23725
2020-11-17,"England",20324
2020-11-18,"England",18218
2020-11-19,"England",15502
2020-11-20,"England",14681
2020-11-21,"England",10615
2020-11-22,"England",10035
2020-11-23,"England",16206
2020-11-24,"England",14028
2020-11-25,"England",13932
2020-11-26,"England",12278
2020-11-27,"England",12261
2020-11-28,"England",9206
2020-11-29,"England",8907
2020-11-30,"England",15032
2020-12-01,"England",13514
2020-12-02,"England",13463
2020-12-03,"England",12527
2020-12-04,"England",12882
2020-12-05,"England",10143
2020-12-06,"England",10870
2020-12-07,"England",17398
2020-12-08,"England",16670
2020-12-09,"England",17463
2020-12-10,"England",18544
2020-12-11,"England",19866
2020-12-12,"England",16027
2020-12-13,"England",18128
2020-12-14,"England",29520
2020-12-15,"England",29098
2020-12-16,"England",30126
2020-12-17,"England",29594
2020-12-18,"England",31832
2020-12-19,"England",21734
2020-12-20,"England",28941
2020-12-21,"England",42596
2020-12-22,"England",40900
2020-12-23,"England",37619
2020-12-24,"England",28702
2020-12-25,"England",12675
2020-12-26,"England",36705
2020-12-27,"England",42438
2020-12-28,"England",40037
2020-12-29,"England",72510
2020-12-30,"England",62894
2020-12-31,"England",46685
2021-01-01,"England",28220
2021-01-02,"England",54163
2021-01-03,"England",49512
2021-01-04,"England",69113
2021-01-05,"England",58041
2021-01-06,"England",51316
2021-01-07,"England",46826
2021-01-08,"England",42332
2021-01-09,"England",35440
2021-01-10,"England",32858
2021-01-11,"England",51998
2021-01-12,"England",44672
2021-01-13,"England",41149
2021-01-14,"England",38515
2021-01-15,"England",36784
2021-01-16,"England",27653
2021-01-17,"England",26206
2021-01-18,"England",40721
2021-01-19,"England",35968
2021-01-20,"England",31758
2021-01-21,"England",28761
2021-01-22,"England",26908
2021-01-23,"England",19876
2021-01-24,"England",15455
2021-01-25,"England",27105
2021-01-26,"England",24433
2021-01-27,"England",23236
2021-01-28,"England",21846
2021-01-29,"England",19682
2021-01-30,"England",14999
2021-01-31,"England",13707
2021-02-01,"England",20108
2021-02-02,"England",17657
2021-02-03,"England",17410
2021-02-04,"England",16151
2021-02-05,"England",13972
2021-02-06,"England",10583
2021-02-07,"England",10136
2021-02-08,"England",13839
2021-02-09,"England",12242
2021-02-10,"England",11839
2021-02-11,"England",11226
2021-02-12,"England",10564
2021-02-13,"England",7741
2021-02-14,"England",7532
2021-02-15,"England",12464
2021-02-16,"England",10814
2021-02-17,"England",10024
2021-02-18,"England",9903
2021-02-19,"England",8880
2021-02-20,"England",6890
2021-02-21,"England",6799
2021-02-22,"England",9854
2021-02-23,"England",8141
2021-02-24,"England",7289
2021-02-25,"England",6609
2021-02-26,"England",5666
2021-02-27,"England",4104
2021-02-28,"England",3953
2021-03-01,"England",5890
2021-03-02,"England",5681
2021-03-03,"England",5096
2021-03-04,"England",4790
2021-03-05,"England",4551
2021-03-06,"England",3701
2021-03-07,"England",3529
2021-03-08,"England",5564
2021-03-09,"England",5210
2021-03-10,"England",5007
2021-03-11,"England",4686
2021-03-12,"England",4614
2021-03-13,"England",3448
2021-03-14,"England",3584
2021-03-15,"England",5438
2021-03-16,"England",4741
2021-03-17,"England",4852
2021-03-18,"England",4521
2021-03-19,"England",4138
2021-03-20,"England",3368
2021-03-21,"England",4516
2021-03-22,"England",5142
2021-03-23,"England",4337
2021-03-24,"England",5107
2021-03-25,"England",4443
2021-03-26,"England",3617
2021-03-27,"England",2941
2021-03-28,"England",4093
2021-03-29,"England",3202
2021-03-30,"England",2952
2021-03-31,"England",3140
2021-04-01,"England",2866
2021-04-02,"England",2130
2021-04-03,"England",2014
2021-04-04,"England",1927
2021-04-05,"England",2188
2021-04-06,"England",2558
2021-04-07,"England",2581
2021-04-08,"England",2477
2021-04-09,"England",2314
2021-04-10,"England",1887
2021-04-11,"England",1895
2021-04-12,"England",2228
2021-04-13,"England",1908
2021-04-14,"England",1936
2021-04-15,"England",1796
2021-04-16,"England",1803
2021-04-17,"England",1304
2021-04-18,"England",2130
2021-04-19,"England",2127
2021-04-20,"England",1938
2021-04-21,"England",2122
2021-04-22,"England",1879
2021-04-23,"England",1574
2021-04-24,"England",1205
2021-04-25,"England",1773
2021-04-26,"England",2085
2021-04-27,"England",1693
2021-04-28,"England",2018
2021-04-29,"England",1762
2021-04-30,"England",1404
2021-05-01,"England",1123
2021-05-02,"England",1209
2021-05-03,"England",1692
2021-05-04,"England",2038
2021-05-05,"England",2035
2021-05-06,"England",1793
2021-05-07,"England",1543
2021-05-08,"England",1202
2021-05-09,"England",1844
2021-05-10,"England",2164
2021-05-11,"England",1739
2021-05-12,"England",1765
2021-05-13,"England",1652
2021-05-14,"England",1454
2021-05-15,"England",1255
2021-05-16,"England",1520
2021-05-17,"England",2236
2021-05-18,"England",2134
2021-05-19,"England",2167
2021-05-20,"England",1910
2021-05-21,"England",1790
2021-05-22,"England",1535
2021-05-23,"England",1830
2021-05-24,"England",2600
2021-05-25,"England",2663
2021-05-26,"England",3052
2021-05-27,"England",2942
2021-05-28,"England",2803
2021-05-29,"England",2346
2021-05-30,"England",2490
