"id","country","date","cases","deaths","schools_universities","self_isolating_if_ill","public_events","lockdown","social_distancing_encouraged","pop"
"AT","Austria","2020-01-03",0,0,0,0,0,0,0,NA
"AT","Austria","2020-01-04",0,0,0,0,0,0,0,NA
"AT","Austria","2020-01-05",0,0,0,0,0,0,0,NA
"AT","Austria","2020-01-06",0,0,0,0,0,0,0,NA
"AT","Austria","2020-01-07",0,0,0,0,0,0,0,NA
"AT","Austria","2020-01-08",0,0,0,0,0,0,0,NA
"AT","Austria","2020-01-09",0,0,0,0,0,0,0,NA
"AT","Austria","2020-01-10",0,0,0,0,0,0,0,NA
"AT","Austria","2020-01-11",0,0,0,0,0,0,0,NA
"AT","Austria","2020-01-12",0,0,0,0,0,0,0,NA
"AT","Austria","2020-01-13",0,0,0,0,0,0,0,NA
"AT","Austria","2020-01-14",0,0,0,0,0,0,0,NA
"AT","Austria","2020-01-15",0,0,0,0,0,0,0,NA
"AT","Austria","2020-01-16",0,0,0,0,0,0,0,NA
"AT","Austria","2020-01-17",0,0,0,0,0,0,0,NA
"AT","Austria","2020-01-18",0,0,0,0,0,0,0,NA
"AT","Austria","2020-01-19",0,0,0,0,0,0,0,NA
"AT","Austria","2020-01-20",0,0,0,0,0,0,0,NA
"AT","Austria","2020-01-21",0,0,0,0,0,0,0,NA
"AT","Austria","2020-01-22",0,0,0,0,0,0,0,NA
"AT","Austria","2020-01-23",0,0,0,0,0,0,0,NA
"AT","Austria","2020-01-24",0,0,0,0,0,0,0,NA
"AT","Austria","2020-01-25",0,0,0,0,0,0,0,NA
"AT","Austria","2020-01-26",0,0,0,0,0,0,0,NA
"AT","Austria","2020-01-27",0,0,0,0,0,0,0,NA
"AT","Austria","2020-01-28",0,0,0,0,0,0,0,NA
"AT","Austria","2020-01-29",0,0,0,0,0,0,0,NA
"AT","Austria","2020-01-30",0,0,0,0,0,0,0,NA
"AT","Austria","2020-01-31",0,0,0,0,0,0,0,NA
"AT","Austria","2020-02-01",0,0,0,0,0,0,0,NA
"AT","Austria","2020-02-02",0,0,0,0,0,0,0,NA
"AT","Austria","2020-02-03",0,0,0,0,0,0,0,NA
"AT","Austria","2020-02-04",0,0,0,0,0,0,0,NA
"AT","Austria","2020-02-05",0,0,0,0,0,0,0,NA
"AT","Austria","2020-02-06",0,0,0,0,0,0,0,NA
"AT","Austria","2020-02-07",0,0,0,0,0,0,0,NA
"AT","Austria","2020-02-08",0,0,0,0,0,0,0,NA
"AT","Austria","2020-02-09",0,0,0,0,0,0,0,NA
"AT","Austria","2020-02-10",0,0,0,0,0,0,0,NA
"AT","Austria","2020-02-11",0,0,0,0,0,0,0,NA
"AT","Austria","2020-02-12",0,0,0,0,0,0,0,NA
"AT","Austria","2020-02-13",0,0,0,0,0,0,0,NA
"AT","Austria","2020-02-14",0,0,0,0,0,0,0,NA
"AT","Austria","2020-02-15",0,0,0,0,0,0,0,NA
"AT","Austria","2020-02-16",0,0,0,0,0,0,0,NA
"AT","Austria","2020-02-17",0,0,0,0,0,0,0,NA
"AT","Austria","2020-02-18",0,0,0,0,0,0,0,NA
"AT","Austria","2020-02-19",0,0,0,0,0,0,0,NA
"AT","Austria","2020-02-20",0,0,0,0,0,0,0,NA
"AT","Austria","2020-02-21",0,0,0,0,0,0,0,NA
"AT","Austria","2020-02-22",0,0,0,0,0,0,0,9006400
"AT","Austria","2020-02-23",0,0,0,0,0,0,0,9006400
"AT","Austria","2020-02-24",0,0,0,0,0,0,0,9006400
"AT","Austria","2020-02-25",0,0,0,0,0,0,0,9006400
"AT","Austria","2020-02-26",2,0,0,0,0,0,0,9006400
"AT","Austria","2020-02-27",0,0,0,0,0,0,0,9006400
"AT","Austria","2020-02-28",3,0,0,0,0,0,0,9006400
"AT","Austria","2020-02-29",2,0,0,0,0,0,0,9006400
"AT","Austria","2020-03-01",3,0,0,0,0,0,0,9006400
"AT","Austria","2020-03-02",4,0,0,0,0,0,0,9006400
"AT","Austria","2020-03-03",4,0,0,0,0,0,0,9006400
"AT","Austria","2020-03-04",6,0,0,0,0,0,0,9006400
"AT","Austria","2020-03-05",5,0,0,0,0,0,0,9006400
"AT","Austria","2020-03-06",12,0,0,0,0,0,0,9006400
"AT","Austria","2020-03-07",33,0,0,0,0,0,0,9006400
"AT","Austria","2020-03-08",25,0,0,0,0,0,0,9006400
"AT","Austria","2020-03-09",3,0,0,0,0,0,0,9006400
"AT","Austria","2020-03-10",29,0,0,0,1,0,0,9006400
"AT","Austria","2020-03-11",51,0,0,0,1,0,0,9006400
"AT","Austria","2020-03-12",64,0,0,0,1,0,0,9006400
"AT","Austria","2020-03-13",115,1,0,0,1,0,0,9006400
"AT","Austria","2020-03-14",143,0,1,0,1,0,0,9006400
"AT","Austria","2020-03-15",151,0,1,0,1,0,0,9006400
"AT","Austria","2020-03-16",205,0,1,1,1,1,1,9006400
"AT","Austria","2020-03-17",156,2,1,1,1,1,1,9006400
"AT","Austria","2020-03-18",316,0,1,1,1,1,1,9006400
"AT","Austria","2020-03-19",314,1,1,1,1,1,1,9006400
"AT","Austria","2020-03-20",550,2,1,1,1,1,1,9006400
"AT","Austria","2020-03-21",453,0,1,1,1,1,1,9006400
"AT","Austria","2020-03-22",375,2,1,1,1,1,1,9006400
"AT","Austria","2020-03-23",607,8,1,1,1,1,1,9006400
"AT","Austria","2020-03-24",855,9,1,1,1,1,1,9006400
"AT","Austria","2020-03-25",796,5,1,1,1,1,1,9006400
"AT","Austria","2020-03-26",606,4,1,1,1,1,1,9006400
"AT","Austria","2020-03-27",1141,18,1,1,1,1,1,9006400
"AT","Austria","2020-03-28",668,16,1,1,1,1,1,9006400
"AT","Austria","2020-03-29",594,0,1,1,1,1,1,9006400
"AT","Austria","2020-03-30",522,18,1,1,1,1,1,9006400
"AT","Austria","2020-03-31",805,22,1,1,1,1,1,9006400
"AT","Austria","2020-04-01",564,20,1,1,1,1,1,9006400
"AT","Austria","2020-04-02",529,18,1,1,1,1,1,9006400
"AT","Austria","2020-04-03",418,12,1,1,1,1,1,9006400
"AT","Austria","2020-04-04",396,10,1,1,1,1,1,9006400
"AT","Austria","2020-04-05",241,18,1,1,1,1,1,9006400
"AT","Austria","2020-04-06",217,18,1,1,1,1,1,9006400
"AT","Austria","2020-04-07",314,16,1,1,1,1,1,9006400
"AT","Austria","2020-04-08",343,23,1,1,1,1,1,9006400
"AT","Austria","2020-04-09",329,30,1,1,1,1,1,9006400
"AT","Austria","2020-04-10",279,22,1,1,1,1,1,9006400
"AT","Austria","2020-04-11",312,24,1,1,1,1,1,9006400
"AT","Austria","2020-04-12",247,18,1,1,1,1,1,9006400
"AT","Austria","2020-04-13",130,13,1,1,1,1,1,9006400
"AT","Austria","2020-04-14",106,18,1,1,1,1,1,9006400
"AT","Austria","2020-04-15",191,16,1,1,1,1,1,9006400
"AT","Austria","2020-04-16",136,9,1,1,1,1,1,9006400
"AT","Austria","2020-04-17",78,17,1,1,1,1,1,9006400
"AT","Austria","2020-04-18",155,21,1,1,1,1,1,9006400
"AT","Austria","2020-04-19",59,12,1,1,1,1,1,9006400
"AT","Austria","2020-04-20",48,9,1,1,1,1,1,9006400
"AT","Austria","2020-04-21",73,10,1,1,1,1,1,9006400
"AT","Austria","2020-04-22",50,1,1,1,1,1,1,9006400
"AT","Austria","2020-04-23",91,31,1,1,1,1,1,9006400
"AT","Austria","2020-04-24",61,14,1,1,1,1,1,9006400
"AT","Austria","2020-04-25",83,5,1,1,1,1,1,9006400
"AT","Austria","2020-04-26",66,23,1,1,1,1,1,9006400
"AT","Austria","2020-04-27",55,6,1,1,1,1,1,9006400
"AT","Austria","2020-04-28",67,7,1,1,1,1,1,9006400
"AT","Austria","2020-04-29",58,20,1,1,1,1,1,9006400
"AT","Austria","2020-04-30",50,11,1,1,1,1,1,9006400
"AT","Austria","2020-05-01",60,4,1,1,1,1,1,9006400
"AT","Austria","2020-05-02",34,5,1,1,1,1,1,9006400
"AT","Austria","2020-05-03",12,7,1,1,1,1,1,9006400
"AT","Austria","2020-05-04",68,2,1,1,1,1,1,9006400
"AT","Austria","2020-05-05",31,2,1,1,1,1,1,9006400
"AT","Austria","2020-05-06",17,6,1,1,1,1,1,NA
"AT","Austria","2020-05-07",65,2,1,1,1,1,1,NA
"AT","Austria","2020-05-08",22,1,1,1,1,1,1,NA
"AT","Austria","2020-05-09",62,5,1,1,1,1,1,NA
"AT","Austria","2020-05-10",42,1,1,1,1,1,1,NA
"AT","Austria","2020-05-11",10,3,1,1,1,1,1,NA
"AT","Austria","2020-05-12",87,2,1,1,1,1,1,NA
"AT","Austria","2020-05-13",36,3,1,1,1,1,1,NA
"AT","Austria","2020-05-14",54,1,1,1,1,1,1,NA
"AT","Austria","2020-05-15",41,2,1,1,1,1,1,NA
"AT","Austria","2020-05-16",63,2,1,1,1,1,1,NA
"AT","Austria","2020-05-17",72,0,1,1,1,1,1,NA
"AT","Austria","2020-05-18",14,1,1,1,1,1,1,NA
"AT","Austria","2020-05-19",25,0,1,1,1,1,1,NA
"AT","Austria","2020-05-20",78,3,1,1,1,1,1,NA
"AT","Austria","2020-05-21",18,1,1,1,1,1,1,NA
"AT","Austria","2020-05-22",57,0,1,1,1,1,1,NA
"AT","Austria","2020-05-23",29,2,1,1,1,1,1,NA
"AT","Austria","2020-05-24",46,4,1,1,1,1,1,NA
"AT","Austria","2020-05-25",32,1,1,1,1,1,1,NA
"AT","Austria","2020-05-26",20,1,1,1,1,1,1,NA
"AT","Austria","2020-05-27",38,2,1,1,1,1,1,NA
"AT","Austria","2020-05-28",18,2,1,1,1,1,1,NA
"AT","Austria","2020-05-29",28,23,1,1,1,1,1,NA
"AT","Austria","2020-05-30",51,0,1,1,1,1,1,NA
"AT","Austria","2020-05-31",44,0,1,1,1,1,1,NA
"AT","Austria","2020-06-01",4,0,1,1,1,1,1,NA
"AT","Austria","2020-06-02",21,0,1,1,1,1,1,NA
"AT","Austria","2020-06-03",11,1,1,1,1,1,1,NA
"AT","Austria","2020-06-04",31,1,1,1,1,1,1,NA
"AT","Austria","2020-06-05",36,0,1,1,1,1,1,NA
"AT","Austria","2020-06-06",62,2,1,1,1,1,1,NA
"AT","Austria","2020-06-07",19,0,1,1,1,1,1,NA
"AT","Austria","2020-06-08",46,0,1,1,1,1,1,NA
"AT","Austria","2020-06-09",21,0,1,1,1,1,1,NA
"AT","Austria","2020-06-10",13,0,1,1,1,1,1,NA
"AT","Austria","2020-06-11",34,1,1,1,1,1,1,NA
"AT","Austria","2020-06-12",28,1,1,1,1,1,1,NA
"AT","Austria","2020-06-13",30,1,1,1,1,1,1,NA
"AT","Austria","2020-06-14",20,2,1,1,1,1,1,NA
"AT","Austria","2020-06-15",24,0,1,1,1,1,1,NA
"AT","Austria","2020-06-16",27,1,1,1,1,1,1,NA
"AT","Austria","2020-06-17",33,3,1,1,1,1,1,NA
"AT","Austria","2020-06-18",17,6,1,1,1,1,1,NA
"AT","Austria","2020-06-19",40,1,1,1,1,1,1,NA
"AT","Austria","2020-06-20",30,0,1,1,1,1,1,NA
"AT","Austria","2020-06-21",62,0,1,1,1,1,1,NA
"AT","Austria","2020-06-22",38,2,1,1,1,1,1,NA
"AT","Austria","2020-06-23",35,0,1,1,1,1,1,NA
"AT","Austria","2020-06-24",31,3,1,1,1,1,1,NA
"AT","Austria","2020-06-25",33,0,1,1,1,1,1,NA
"AT","Austria","2020-06-26",47,5,1,1,1,1,1,NA
"AT","Austria","2020-06-27",67,0,1,1,1,1,1,NA
"AT","Austria","2020-06-28",64,2,1,1,1,1,1,NA
"AT","Austria","2020-06-29",63,2,1,1,1,1,1,NA
"AT","Austria","2020-06-30",41,1,1,1,1,1,1,NA
"BE","Belgium","2020-01-03",0,0,0,0,0,0,0,NA
"BE","Belgium","2020-01-04",0,0,0,0,0,0,0,NA
"BE","Belgium","2020-01-05",0,0,0,0,0,0,0,NA
"BE","Belgium","2020-01-06",0,0,0,0,0,0,0,NA
"BE","Belgium","2020-01-07",0,0,0,0,0,0,0,NA
"BE","Belgium","2020-01-08",0,0,0,0,0,0,0,NA
"BE","Belgium","2020-01-09",0,0,0,0,0,0,0,NA
"BE","Belgium","2020-01-10",0,0,0,0,0,0,0,NA
"BE","Belgium","2020-01-11",0,0,0,0,0,0,0,NA
"BE","Belgium","2020-01-12",0,0,0,0,0,0,0,NA
"BE","Belgium","2020-01-13",0,0,0,0,0,0,0,NA
"BE","Belgium","2020-01-14",0,0,0,0,0,0,0,NA
"BE","Belgium","2020-01-15",0,0,0,0,0,0,0,NA
"BE","Belgium","2020-01-16",0,0,0,0,0,0,0,NA
"BE","Belgium","2020-01-17",0,0,0,0,0,0,0,NA
"BE","Belgium","2020-01-18",0,0,0,0,0,0,0,NA
"BE","Belgium","2020-01-19",0,0,0,0,0,0,0,NA
"BE","Belgium","2020-01-20",0,0,0,0,0,0,0,NA
"BE","Belgium","2020-01-21",0,0,0,0,0,0,0,NA
"BE","Belgium","2020-01-22",0,0,0,0,0,0,0,NA
"BE","Belgium","2020-01-23",0,0,0,0,0,0,0,NA
"BE","Belgium","2020-01-24",0,0,0,0,0,0,0,NA
"BE","Belgium","2020-01-25",0,0,0,0,0,0,0,NA
"BE","Belgium","2020-01-26",0,0,0,0,0,0,0,NA
"BE","Belgium","2020-01-27",0,0,0,0,0,0,0,NA
"BE","Belgium","2020-01-28",0,0,0,0,0,0,0,NA
"BE","Belgium","2020-01-29",0,0,0,0,0,0,0,NA
"BE","Belgium","2020-01-30",0,0,0,0,0,0,0,NA
"BE","Belgium","2020-01-31",0,0,0,0,0,0,0,NA
"BE","Belgium","2020-02-01",0,0,0,0,0,0,0,NA
"BE","Belgium","2020-02-02",0,0,0,0,0,0,0,NA
"BE","Belgium","2020-02-03",0,0,0,0,0,0,0,NA
"BE","Belgium","2020-02-04",1,0,0,0,0,0,0,NA
"BE","Belgium","2020-02-05",0,0,0,0,0,0,0,NA
"BE","Belgium","2020-02-06",0,0,0,0,0,0,0,NA
"BE","Belgium","2020-02-07",0,0,0,0,0,0,0,NA
"BE","Belgium","2020-02-08",0,0,0,0,0,0,0,NA
"BE","Belgium","2020-02-09",0,0,0,0,0,0,0,NA
"BE","Belgium","2020-02-10",0,0,0,0,0,0,0,NA
"BE","Belgium","2020-02-11",0,0,0,0,0,0,0,NA
"BE","Belgium","2020-02-12",0,0,0,0,0,0,0,NA
"BE","Belgium","2020-02-13",0,0,0,0,0,0,0,NA
"BE","Belgium","2020-02-14",0,0,0,0,0,0,0,NA
"BE","Belgium","2020-02-15",0,0,0,0,0,0,0,NA
"BE","Belgium","2020-02-16",0,0,0,0,0,0,0,NA
"BE","Belgium","2020-02-17",0,0,0,0,0,0,0,NA
"BE","Belgium","2020-02-18",0,0,0,0,0,0,0,11589616
"BE","Belgium","2020-02-19",0,0,0,0,0,0,0,11589616
"BE","Belgium","2020-02-20",0,0,0,0,0,0,0,11589616
"BE","Belgium","2020-02-21",0,0,0,0,0,0,0,11589616
"BE","Belgium","2020-02-22",0,0,0,0,0,0,0,11589616
"BE","Belgium","2020-02-23",0,0,0,0,0,0,0,11589616
"BE","Belgium","2020-02-24",0,0,0,0,0,0,0,11589616
"BE","Belgium","2020-02-25",0,0,0,0,0,0,0,11589616
"BE","Belgium","2020-02-26",0,0,0,0,0,0,0,11589616
"BE","Belgium","2020-02-27",0,0,0,0,0,0,0,11589616
"BE","Belgium","2020-02-28",0,0,0,0,0,0,0,11589616
"BE","Belgium","2020-02-29",0,0,0,0,0,0,0,11589616
"BE","Belgium","2020-03-01",0,0,0,0,0,0,0,11589616
"BE","Belgium","2020-03-02",18,0,0,0,0,0,0,11589616
"BE","Belgium","2020-03-03",19,0,0,0,0,0,0,11589616
"BE","Belgium","2020-03-04",34,0,0,0,0,0,0,11589616
"BE","Belgium","2020-03-05",53,0,0,0,0,0,0,11589616
"BE","Belgium","2020-03-06",81,0,0,0,0,0,0,11589616
"BE","Belgium","2020-03-07",110,0,0,0,0,0,0,11589616
"BE","Belgium","2020-03-08",27,0,0,0,0,0,0,11589616
"BE","Belgium","2020-03-09",64,0,0,0,0,0,0,11589616
"BE","Belgium","2020-03-10",94,1,0,1,0,0,0,11589616
"BE","Belgium","2020-03-11",99,0,0,1,0,0,0,11589616
"BE","Belgium","2020-03-12",267,3,0,1,1,0,0,11589616
"BE","Belgium","2020-03-13",250,1,0,1,1,0,0,11589616
"BE","Belgium","2020-03-14",338,3,1,1,1,0,1,11589616
"BE","Belgium","2020-03-15",179,5,1,1,1,0,1,11589616
"BE","Belgium","2020-03-16",214,6,1,1,1,0,1,11589616
"BE","Belgium","2020-03-17",387,12,1,1,1,0,1,11589616
"BE","Belgium","2020-03-18",422,10,1,1,1,1,1,11589616
"BE","Belgium","2020-03-19",534,22,1,1,1,1,1,11589616
"BE","Belgium","2020-03-20",713,33,1,1,1,1,1,11589616
"BE","Belgium","2020-03-21",662,35,1,1,1,1,1,11589616
"BE","Belgium","2020-03-22",469,40,1,1,1,1,1,11589616
"BE","Belgium","2020-03-23",486,47,1,1,1,1,1,11589616
"BE","Belgium","2020-03-24",1328,78,1,1,1,1,1,11589616
"BE","Belgium","2020-03-25",1195,77,1,1,1,1,1,11589616
"BE","Belgium","2020-03-26",1199,107,1,1,1,1,1,11589616
"BE","Belgium","2020-03-27",1363,102,1,1,1,1,1,11589616
"BE","Belgium","2020-03-28",1518,128,1,1,1,1,1,11589616
"BE","Belgium","2020-03-29",844,141,1,1,1,1,1,11589616
"BE","Belgium","2020-03-30",683,149,1,1,1,1,1,11589616
"BE","Belgium","2020-03-31",1738,170,1,1,1,1,1,11589616
"BE","Belgium","2020-04-01",1681,208,1,1,1,1,1,11589616
"BE","Belgium","2020-04-02",1516,233,1,1,1,1,1,11589616
"BE","Belgium","2020-04-03",1478,219,1,1,1,1,1,11589616
"BE","Belgium","2020-04-04",1694,236,1,1,1,1,1,11589616
"BE","Belgium","2020-04-05",922,271,1,1,1,1,1,11589616
"BE","Belgium","2020-04-06",665,247,1,1,1,1,1,11589616
"BE","Belgium","2020-04-07",1934,257,1,1,1,1,1,11589616
"BE","Belgium","2020-04-08",1515,277,1,1,1,1,1,11589616
"BE","Belgium","2020-04-09",1598,322,1,1,1,1,1,11589616
"BE","Belgium","2020-04-10",2239,272,1,1,1,1,1,11589616
"BE","Belgium","2020-04-11",2336,302,1,1,1,1,1,11589616
"BE","Belgium","2020-04-12",1029,284,1,1,1,1,1,11589616
"BE","Belgium","2020-04-13",524,265,1,1,1,1,1,11589616
"BE","Belgium","2020-04-14",537,277,1,1,1,1,1,11589616
"BE","Belgium","2020-04-15",1560,261,1,1,1,1,1,11589616
"BE","Belgium","2020-04-16",1633,280,1,1,1,1,1,11589616
"BE","Belgium","2020-04-17",1674,246,1,1,1,1,1,11589616
"BE","Belgium","2020-04-18",1394,205,1,1,1,1,1,11589616
"BE","Belgium","2020-04-19",722,208,1,1,1,1,1,11589616
"BE","Belgium","2020-04-20",443,190,1,1,1,1,1,11589616
"BE","Belgium","2020-04-21",1276,206,1,1,1,1,1,11589616
"BE","Belgium","2020-04-22",1270,203,1,1,1,1,1,11589616
"BE","Belgium","2020-04-23",777,181,1,1,1,1,1,11589616
"BE","Belgium","2020-04-24",976,156,1,1,1,1,1,11589616
"BE","Belgium","2020-04-25",811,155,1,1,1,1,1,11589616
"BE","Belgium","2020-04-26",388,142,1,1,1,1,1,11589616
"BE","Belgium","2020-04-27",205,154,1,1,1,1,1,11589616
"BE","Belgium","2020-04-28",755,135,1,1,1,1,1,11589616
"BE","Belgium","2020-04-29",569,110,1,1,1,1,1,11589616
"BE","Belgium","2020-04-30",522,107,1,1,1,1,1,11589616
"BE","Belgium","2020-05-01",586,87,1,1,1,1,1,11589616
"BE","Belgium","2020-05-02",237,93,1,1,1,1,1,11589616
"BE","Belgium","2020-05-03",286,75,1,1,1,1,1,11589616
"BE","Belgium","2020-05-04",140,94,1,1,1,1,1,11589616
"BE","Belgium","2020-05-05",670,95,1,1,1,1,1,11589616
"BE","Belgium","2020-05-06",546,81,1,1,1,1,1,NA
"BE","Belgium","2020-05-07",552,76,1,1,1,1,1,NA
"BE","Belgium","2020-05-08",442,71,1,1,1,1,1,NA
"BE","Belgium","2020-05-09",483,74,1,1,1,1,1,NA
"BE","Belgium","2020-05-10",240,71,1,1,1,1,1,NA
"BE","Belgium","2020-05-11",118,72,1,1,1,1,1,NA
"BE","Belgium","2020-05-12",476,65,1,1,1,1,1,NA
"BE","Belgium","2020-05-13",395,45,1,1,1,1,1,NA
"BE","Belgium","2020-05-14",321,56,1,1,1,1,1,NA
"BE","Belgium","2020-05-15",305,43,1,1,1,1,1,NA
"BE","Belgium","2020-05-16",346,45,1,1,1,1,1,NA
"BE","Belgium","2020-05-17",147,30,1,1,1,1,1,NA
"BE","Belgium","2020-05-18",81,31,1,1,1,1,1,NA
"BE","Belgium","2020-05-19",317,37,1,1,1,1,1,NA
"BE","Belgium","2020-05-20",292,33,1,1,1,1,1,NA
"BE","Belgium","2020-05-21",385,30,1,1,1,1,1,NA
"BE","Belgium","2020-05-22",70,34,1,1,1,1,1,NA
"BE","Belgium","2020-05-23",248,41,1,1,1,1,1,NA
"BE","Belgium","2020-05-24",123,25,1,1,1,1,1,NA
"BE","Belgium","2020-05-25",75,33,1,1,1,1,1,NA
"BE","Belgium","2020-05-26",314,26,1,1,1,1,1,NA
"BE","Belgium","2020-05-27",202,24,1,1,1,1,1,NA
"BE","Belgium","2020-05-28",182,24,1,1,1,1,1,NA
"BE","Belgium","2020-05-29",171,26,1,1,1,1,1,NA
"BE","Belgium","2020-05-30",165,16,1,1,1,1,1,NA
"BE","Belgium","2020-05-31",61,23,1,1,1,1,1,NA
"BE","Belgium","2020-06-01",49,22,1,1,1,1,1,NA
"BE","Belgium","2020-06-02",59,21,1,1,1,1,1,NA
"BE","Belgium","2020-06-03",181,23,1,1,1,1,1,NA
"BE","Belgium","2020-06-04",159,20,1,1,1,1,1,NA
"BE","Belgium","2020-06-05",172,14,1,1,1,1,1,NA
"BE","Belgium","2020-06-06",154,12,1,1,1,1,1,NA
"BE","Belgium","2020-06-07",69,11,1,1,1,1,1,NA
"BE","Belgium","2020-06-08",53,12,1,1,1,1,1,NA
"BE","Belgium","2020-06-09",152,9,1,1,1,1,1,NA
"BE","Belgium","2020-06-10",145,12,1,1,1,1,1,NA
"BE","Belgium","2020-06-11",119,12,1,1,1,1,1,NA
"BE","Belgium","2020-06-12",95,7,1,1,1,1,1,NA
"BE","Belgium","2020-06-13",89,10,1,1,1,1,1,NA
"BE","Belgium","2020-06-14",49,5,1,1,1,1,1,NA
"BE","Belgium","2020-06-15",22,3,1,1,1,1,1,NA
"BE","Belgium","2020-06-16",147,8,1,1,1,1,1,NA
"BE","Belgium","2020-06-17",99,7,1,1,1,1,1,NA
"BE","Belgium","2020-06-18",123,7,1,1,1,1,1,NA
"BE","Belgium","2020-06-19",108,5,1,1,1,1,1,NA
"BE","Belgium","2020-06-20",121,4,1,1,1,1,1,NA
"BE","Belgium","2020-06-21",50,3,1,1,1,1,1,NA
"BE","Belgium","2020-06-22",20,9,1,1,1,1,1,NA
"BE","Belgium","2020-06-23",143,12,1,1,1,1,1,NA
"BE","Belgium","2020-06-24",110,4,1,1,1,1,1,NA
"BE","Belgium","2020-06-25",100,3,1,1,1,1,1,NA
"BE","Belgium","2020-06-26",76,5,1,1,1,1,1,NA
"BE","Belgium","2020-06-27",113,2,1,1,1,1,1,NA
"BE","Belgium","2020-06-28",41,8,1,1,1,1,1,NA
"BE","Belgium","2020-06-29",24,5,1,1,1,1,1,NA
"BE","Belgium","2020-06-30",127,3,1,1,1,1,1,NA
"DK","Denmark","2020-01-03",0,0,0,0,0,0,0,NA
"DK","Denmark","2020-01-04",0,0,0,0,0,0,0,NA
"DK","Denmark","2020-01-05",0,0,0,0,0,0,0,NA
"DK","Denmark","2020-01-06",0,0,0,0,0,0,0,NA
"DK","Denmark","2020-01-07",0,0,0,0,0,0,0,NA
"DK","Denmark","2020-01-08",0,0,0,0,0,0,0,NA
"DK","Denmark","2020-01-09",0,0,0,0,0,0,0,NA
"DK","Denmark","2020-01-10",0,0,0,0,0,0,0,NA
"DK","Denmark","2020-01-11",0,0,0,0,0,0,0,NA
"DK","Denmark","2020-01-12",0,0,0,0,0,0,0,NA
"DK","Denmark","2020-01-13",0,0,0,0,0,0,0,NA
"DK","Denmark","2020-01-14",0,0,0,0,0,0,0,NA
"DK","Denmark","2020-01-15",0,0,0,0,0,0,0,NA
"DK","Denmark","2020-01-16",0,0,0,0,0,0,0,NA
"DK","Denmark","2020-01-17",0,0,0,0,0,0,0,NA
"DK","Denmark","2020-01-18",0,0,0,0,0,0,0,NA
"DK","Denmark","2020-01-19",0,0,0,0,0,0,0,NA
"DK","Denmark","2020-01-20",0,0,0,0,0,0,0,NA
"DK","Denmark","2020-01-21",0,0,0,0,0,0,0,NA
"DK","Denmark","2020-01-22",0,0,0,0,0,0,0,NA
"DK","Denmark","2020-01-23",0,0,0,0,0,0,0,NA
"DK","Denmark","2020-01-24",0,0,0,0,0,0,0,NA
"DK","Denmark","2020-01-25",0,0,0,0,0,0,0,NA
"DK","Denmark","2020-01-26",0,0,0,0,0,0,0,NA
"DK","Denmark","2020-01-27",0,0,0,0,0,0,0,NA
"DK","Denmark","2020-01-28",0,0,0,0,0,0,0,NA
"DK","Denmark","2020-01-29",0,0,0,0,0,0,0,NA
"DK","Denmark","2020-01-30",0,0,0,0,0,0,0,NA
"DK","Denmark","2020-01-31",0,0,0,0,0,0,0,NA
"DK","Denmark","2020-02-01",0,0,0,0,0,0,0,NA
"DK","Denmark","2020-02-02",0,0,0,0,0,0,0,NA
"DK","Denmark","2020-02-03",0,0,0,0,0,0,0,NA
"DK","Denmark","2020-02-04",0,0,0,0,0,0,0,NA
"DK","Denmark","2020-02-05",0,0,0,0,0,0,0,NA
"DK","Denmark","2020-02-06",0,0,0,0,0,0,0,NA
"DK","Denmark","2020-02-07",0,0,0,0,0,0,0,NA
"DK","Denmark","2020-02-08",0,0,0,0,0,0,0,NA
"DK","Denmark","2020-02-09",0,0,0,0,0,0,0,NA
"DK","Denmark","2020-02-10",0,0,0,0,0,0,0,NA
"DK","Denmark","2020-02-11",0,0,0,0,0,0,0,NA
"DK","Denmark","2020-02-12",0,0,0,0,0,0,0,NA
"DK","Denmark","2020-02-13",0,0,0,0,0,0,0,NA
"DK","Denmark","2020-02-14",0,0,0,0,0,0,0,NA
"DK","Denmark","2020-02-15",0,0,0,0,0,0,0,NA
"DK","Denmark","2020-02-16",0,0,0,0,0,0,0,NA
"DK","Denmark","2020-02-17",0,0,0,0,0,0,0,NA
"DK","Denmark","2020-02-18",0,0,0,0,0,0,0,NA
"DK","Denmark","2020-02-19",0,0,0,0,0,0,0,NA
"DK","Denmark","2020-02-20",0,0,0,0,0,0,0,NA
"DK","Denmark","2020-02-21",0,0,0,0,0,0,0,5792203
"DK","Denmark","2020-02-22",0,0,0,0,0,0,0,5792203
"DK","Denmark","2020-02-23",0,0,0,0,0,0,0,5792203
"DK","Denmark","2020-02-24",0,0,0,0,0,0,0,5792203
"DK","Denmark","2020-02-25",0,0,0,0,0,0,0,5792203
"DK","Denmark","2020-02-26",0,0,0,0,0,0,0,5792203
"DK","Denmark","2020-02-27",1,0,0,0,0,0,0,5792203
"DK","Denmark","2020-02-28",0,0,0,0,0,0,0,5792203
"DK","Denmark","2020-02-29",1,0,0,0,0,0,0,5792203
"DK","Denmark","2020-03-01",1,0,0,0,0,0,0,5792203
"DK","Denmark","2020-03-02",1,0,0,0,0,0,0,5792203
"DK","Denmark","2020-03-03",1,0,0,0,0,0,0,5792203
"DK","Denmark","2020-03-04",3,0,0,0,0,0,0,5792203
"DK","Denmark","2020-03-05",2,0,0,0,0,0,0,5792203
"DK","Denmark","2020-03-06",10,0,0,0,0,0,0,5792203
"DK","Denmark","2020-03-07",3,0,0,0,0,0,0,5792203
"DK","Denmark","2020-03-08",8,0,0,0,0,0,0,5792203
"DK","Denmark","2020-03-09",7,0,0,0,0,0,0,5792203
"DK","Denmark","2020-03-10",75,0,0,0,0,0,0,5792203
"DK","Denmark","2020-03-11",151,0,0,0,0,0,0,5792203
"DK","Denmark","2020-03-12",252,0,0,1,1,0,0,5792203
"DK","Denmark","2020-03-13",160,0,1,1,1,0,1,5792203
"DK","Denmark","2020-03-14",128,0,1,1,1,0,1,5792203
"DK","Denmark","2020-03-15",23,0,1,1,1,0,1,5792203
"DK","Denmark","2020-03-16",48,1,1,1,1,0,1,5792203
"DK","Denmark","2020-03-17",57,0,1,1,1,0,1,5792203
"DK","Denmark","2020-03-18",92,3,1,1,1,1,1,5792203
"DK","Denmark","2020-03-19",91,0,1,1,1,1,1,5792203
"DK","Denmark","2020-03-20",36,2,1,1,1,1,1,5792203
"DK","Denmark","2020-03-21",104,3,1,1,1,1,1,5792203
"DK","Denmark","2020-03-22",71,4,1,1,1,1,1,5792203
"DK","Denmark","2020-03-23",69,0,1,1,1,1,1,5792203
"DK","Denmark","2020-03-24",65,11,1,1,1,1,1,5792203
"DK","Denmark","2020-03-25",131,8,1,1,1,1,1,5792203
"DK","Denmark","2020-03-26",133,2,1,1,1,1,1,5792203
"DK","Denmark","2020-03-27",153,7,1,1,1,1,1,5792203
"DK","Denmark","2020-03-28",169,11,1,1,1,1,1,5792203
"DK","Denmark","2020-03-29",155,13,1,1,1,1,1,5792203
"DK","Denmark","2020-03-30",194,7,1,1,1,1,1,5792203
"DK","Denmark","2020-03-31",182,5,1,1,1,1,1,5792203
"DK","Denmark","2020-04-01",283,13,1,1,1,1,1,5792203
"DK","Denmark","2020-04-02",247,14,1,1,1,1,1,5792203
"DK","Denmark","2020-04-03",279,19,1,1,1,1,1,5792203
"DK","Denmark","2020-04-04",371,16,1,1,1,1,1,5792203
"DK","Denmark","2020-04-05",320,22,1,1,1,1,1,5792203
"DK","Denmark","2020-04-06",292,18,1,1,1,1,1,5792203
"DK","Denmark","2020-04-07",312,8,1,1,1,1,1,5792203
"DK","Denmark","2020-04-08",390,16,1,1,1,1,1,5792203
"DK","Denmark","2020-04-09",331,15,1,1,1,1,1,5792203
"DK","Denmark","2020-04-10",233,19,1,1,1,1,1,5792203
"DK","Denmark","2020-04-11",184,10,1,1,1,1,1,5792203
"DK","Denmark","2020-04-12",177,13,1,1,1,1,1,5792203
"DK","Denmark","2020-04-13",178,13,1,1,1,1,1,5792203
"DK","Denmark","2020-04-14",144,12,1,1,1,1,1,5792203
"DK","Denmark","2020-04-15",193,14,1,1,1,1,1,5792203
"DK","Denmark","2020-04-16",170,10,1,1,1,1,1,5792203
"DK","Denmark","2020-04-17",198,12,1,1,1,1,1,5792203
"DK","Denmark","2020-04-18",194,15,1,1,1,1,1,5792203
"DK","Denmark","2020-04-19",169,10,1,1,1,1,1,5792203
"DK","Denmark","2020-04-20",142,9,1,1,1,1,1,5792203
"DK","Denmark","2020-04-21",131,9,1,1,1,1,1,5792203
"DK","Denmark","2020-04-22",180,6,1,1,1,1,1,5792203
"DK","Denmark","2020-04-23",217,14,1,1,1,1,1,5792203
"DK","Denmark","2020-04-24",161,10,1,1,1,1,1,5792203
"DK","Denmark","2020-04-25",137,9,1,1,1,1,1,5792203
"DK","Denmark","2020-04-26",235,15,1,1,1,1,1,5792203
"DK","Denmark","2020-04-27",130,4,1,1,1,1,1,5792203
"DK","Denmark","2020-04-28",123,5,1,1,1,1,1,5792203
"DK","Denmark","2020-04-29",153,7,1,1,1,1,1,5792203
"DK","Denmark","2020-04-30",157,9,1,1,1,1,1,5792203
"DK","Denmark","2020-05-01",150,9,1,1,1,1,1,5792203
"DK","Denmark","2020-05-02",153,8,1,1,1,1,1,5792203
"DK","Denmark","2020-05-03",96,15,1,1,1,1,1,5792203
"DK","Denmark","2020-05-04",116,9,1,1,1,1,1,5792203
"DK","Denmark","2020-05-05",147,9,1,1,1,1,1,5792203
"DK","Denmark","2020-05-06",151,10,1,1,1,1,1,NA
"DK","Denmark","2020-05-07",162,3,1,1,1,1,1,NA
"DK","Denmark","2020-05-08",100,8,1,1,1,1,1,NA
"DK","Denmark","2020-05-09",135,8,1,1,1,1,1,NA
"DK","Denmark","2020-05-10",101,4,1,1,1,1,1,NA
"DK","Denmark","2020-05-11",110,3,1,1,1,1,1,NA
"DK","Denmark","2020-05-12",84,4,1,1,1,1,1,NA
"DK","Denmark","2020-05-13",78,NA,1,1,1,1,1,NA
"DK","Denmark","2020-05-14",76,6,1,1,1,1,1,NA
"DK","Denmark","2020-05-15",46,4,1,1,1,1,1,NA
"DK","Denmark","2020-05-16",78,0,1,1,1,1,1,NA
"DK","Denmark","2020-05-17",67,6,1,1,1,1,1,NA
"DK","Denmark","2020-05-18",69,4,1,1,1,1,1,NA
"DK","Denmark","2020-05-19",41,1,1,1,1,1,1,NA
"DK","Denmark","2020-05-20",76,3,1,1,1,1,1,NA
"DK","Denmark","2020-05-21",73,3,1,1,1,1,1,NA
"DK","Denmark","2020-05-22",65,7,1,1,1,1,1,NA
"DK","Denmark","2020-05-23",48,0,1,1,1,1,1,NA
"DK","Denmark","2020-05-24",59,0,1,1,1,1,1,NA
"DK","Denmark","2020-05-25",71,1,1,1,1,1,1,NA
"DK","Denmark","2020-05-26",27,1,1,1,1,1,1,NA
"DK","Denmark","2020-05-27",41,0,1,1,1,1,1,NA
"DK","Denmark","2020-05-28",52,2,1,1,1,1,1,NA
"DK","Denmark","2020-05-29",32,3,1,1,1,1,1,NA
"DK","Denmark","2020-05-30",81,0,1,1,1,1,1,NA
"DK","Denmark","2020-05-31",40,3,1,1,1,1,1,NA
"DK","Denmark","2020-06-01",36,3,1,1,1,1,1,NA
"DK","Denmark","2020-06-02",30,2,1,1,1,1,1,NA
"DK","Denmark","2020-06-03",35,4,1,1,1,1,1,NA
"DK","Denmark","2020-06-04",37,0,1,1,1,1,1,NA
"DK","Denmark","2020-06-05",40,2,1,1,1,1,1,NA
"DK","Denmark","2020-06-06",64,4,1,1,1,1,1,NA
"DK","Denmark","2020-06-07",49,1,1,1,1,1,1,NA
"DK","Denmark","2020-06-08",24,2,1,1,1,1,1,NA
"DK","Denmark","2020-06-09",14,4,1,1,1,1,1,NA
"DK","Denmark","2020-06-10",39,0,1,1,1,1,1,NA
"DK","Denmark","2020-06-11",15,0,1,1,1,1,1,NA
"DK","Denmark","2020-06-12",19,0,1,1,1,1,1,NA
"DK","Denmark","2020-06-13",64,1,1,1,1,1,1,NA
"DK","Denmark","2020-06-14",40,3,1,1,1,1,1,NA
"DK","Denmark","2020-06-15",54,0,1,1,1,1,1,NA
"DK","Denmark","2020-06-16",24,1,1,1,1,1,1,NA
"DK","Denmark","2020-06-17",33,0,1,1,1,1,1,NA
"DK","Denmark","2020-06-18",44,0,1,1,1,1,1,NA
"DK","Denmark","2020-06-19",50,2,1,1,1,1,1,NA
"DK","Denmark","2020-06-20",47,0,1,1,1,1,1,NA
"DK","Denmark","2020-06-21",0,0,1,1,1,1,1,NA
"DK","Denmark","2020-06-22",0,0,1,1,1,1,1,NA
"DK","Denmark","2020-06-23",136,2,1,1,1,1,1,NA
"DK","Denmark","2020-06-24",34,1,1,1,1,1,1,NA
"DK","Denmark","2020-06-25",54,0,1,1,1,1,1,NA
"DK","Denmark","2020-06-26",21,0,1,1,1,1,1,NA
"DK","Denmark","2020-06-27",39,1,1,1,1,1,1,NA
"DK","Denmark","2020-06-28",0,0,1,1,1,1,1,NA
"DK","Denmark","2020-06-29",0,0,1,1,1,1,1,NA
"DK","Denmark","2020-06-30",76,1,1,1,1,1,1,NA
"FR","France","2020-01-03",0,0,0,0,0,0,0,NA
"FR","France","2020-01-04",0,0,0,0,0,0,0,NA
"FR","France","2020-01-05",0,0,0,0,0,0,0,NA
"FR","France","2020-01-06",0,0,0,0,0,0,0,NA
"FR","France","2020-01-07",0,0,0,0,0,0,0,NA
"FR","France","2020-01-08",0,0,0,0,0,0,0,NA
"FR","France","2020-01-09",0,0,0,0,0,0,0,NA
"FR","France","2020-01-10",0,0,0,0,0,0,0,NA
"FR","France","2020-01-11",0,0,0,0,0,0,0,NA
"FR","France","2020-01-12",0,0,0,0,0,0,0,NA
"FR","France","2020-01-13",0,0,0,0,0,0,0,NA
"FR","France","2020-01-14",0,0,0,0,0,0,0,NA
"FR","France","2020-01-15",0,0,0,0,0,0,0,NA
"FR","France","2020-01-16",0,0,0,0,0,0,0,NA
"FR","France","2020-01-17",0,0,0,0,0,0,0,NA
"FR","France","2020-01-18",0,0,0,0,0,0,0,NA
"FR","France","2020-01-19",0,0,0,0,0,0,0,NA
"FR","France","2020-01-20",0,0,0,0,0,0,0,NA
"FR","France","2020-01-21",0,0,0,0,0,0,0,NA
"FR","France","2020-01-22",0,0,0,0,0,0,0,NA
"FR","France","2020-01-23",0,0,0,0,0,0,0,NA
"FR","France","2020-01-24",3,0,0,0,0,0,0,NA
"FR","France","2020-01-25",0,0,0,0,0,0,0,NA
"FR","France","2020-01-26",0,0,0,0,0,0,0,NA
"FR","France","2020-01-27",0,0,0,0,0,0,0,NA
"FR","France","2020-01-28",0,0,0,0,0,0,0,NA
"FR","France","2020-01-29",1,0,0,0,0,0,0,NA
"FR","France","2020-01-30",1,0,0,0,0,0,0,NA
"FR","France","2020-01-31",1,0,0,0,0,0,0,NA
"FR","France","2020-02-01",0,0,0,0,0,0,0,NA
"FR","France","2020-02-02",0,0,0,0,0,0,0,NA
"FR","France","2020-02-03",0,0,0,0,0,0,0,NA
"FR","France","2020-02-04",0,0,0,0,0,0,0,NA
"FR","France","2020-02-05",0,0,0,0,0,0,0,NA
"FR","France","2020-02-06",0,0,0,0,0,0,0,NA
"FR","France","2020-02-07",0,0,0,0,0,0,0,65273512
"FR","France","2020-02-08",5,0,0,0,0,0,0,65273512
"FR","France","2020-02-09",0,0,0,0,0,0,0,65273512
"FR","France","2020-02-10",0,0,0,0,0,0,0,65273512
"FR","France","2020-02-11",0,0,0,0,0,0,0,65273512
"FR","France","2020-02-12",0,0,0,0,0,0,0,65273512
"FR","France","2020-02-13",0,0,0,0,0,0,0,65273512
"FR","France","2020-02-14",0,0,0,0,0,0,0,65273512
"FR","France","2020-02-15",0,1,0,0,0,0,0,65273512
"FR","France","2020-02-16",0,0,0,0,0,0,0,65273512
"FR","France","2020-02-17",1,0,0,0,0,0,0,65273512
"FR","France","2020-02-18",0,0,0,0,0,0,0,65273512
"FR","France","2020-02-19",0,0,0,0,0,0,0,65273512
"FR","France","2020-02-20",0,0,0,0,0,0,0,65273512
"FR","France","2020-02-21",0,0,0,0,0,0,0,65273512
"FR","France","2020-02-22",0,0,0,0,0,0,0,65273512
"FR","France","2020-02-23",0,0,0,0,0,0,0,65273512
"FR","France","2020-02-24",0,0,0,0,0,0,0,65273512
"FR","France","2020-02-25",0,0,0,0,0,0,0,65273512
"FR","France","2020-02-26",2,0,0,0,0,0,0,65273512
"FR","France","2020-02-27",3,1,0,0,0,0,0,65273512
"FR","France","2020-02-28",21,0,0,0,0,0,0,65273512
"FR","France","2020-02-29",19,0,0,0,0,0,0,65273512
"FR","France","2020-03-01",43,0,0,0,0,0,0,65273512
"FR","France","2020-03-02",23,0,0,0,0,0,0,65273512
"FR","France","2020-03-03",48,1,0,0,0,0,0,65273512
"FR","France","2020-03-04",34,1,0,0,0,0,0,65273512
"FR","France","2020-03-05",73,0,0,0,0,0,0,65273512
"FR","France","2020-03-06",138,3,0,0,0,0,0,65273512
"FR","France","2020-03-07",179,2,0,0,0,0,0,65273512
"FR","France","2020-03-08",103,1,0,0,0,0,0,65273512
"FR","France","2020-03-09",410,9,0,0,0,0,0,65273512
"FR","France","2020-03-10",286,11,0,0,0,0,0,65273512
"FR","France","2020-03-11",371,3,0,0,0,0,0,65273512
"FR","France","2020-03-12",497,15,0,0,0,0,0,65273512
"FR","France","2020-03-13",586,13,0,0,1,0,0,65273512
"FR","France","2020-03-14",763,18,1,0,1,0,0,65273512
"FR","France","2020-03-15",825,12,1,0,1,0,0,65273512
"FR","France","2020-03-16",923,36,1,1,1,0,1,65273512
"FR","France","2020-03-17",1198,21,1,1,1,1,1,65273512
"FR","France","2020-03-18",1060,27,1,1,1,1,1,65273512
"FR","France","2020-03-19",1387,69,1,1,1,1,1,65273512
"FR","France","2020-03-20",1846,128,1,1,1,1,1,65273512
"FR","France","2020-03-21",1595,78,1,1,1,1,1,65273512
"FR","France","2020-03-22",1847,112,1,1,1,1,1,65273512
"FR","France","2020-03-23",1529,112,1,1,1,1,1,65273512
"FR","France","2020-03-24",3776,186,1,1,1,1,1,65273512
"FR","France","2020-03-25",2428,240,1,1,1,1,1,65273512
"FR","France","2020-03-26",2895,230,1,1,1,1,1,65273512
"FR","France","2020-03-27",3866,365,1,1,1,1,1,65273512
"FR","France","2020-03-28",3748,297,1,1,1,1,1,65273512
"FR","France","2020-03-29",4611,319,1,1,1,1,1,65273512
"FR","France","2020-03-30",2491,291,1,1,1,1,1,65273512
"FR","France","2020-03-31",4341,415,1,1,1,1,1,65273512
"FR","France","2020-04-01",7500,497,1,1,1,1,1,65273512
"FR","France","2020-04-02",4784,505,1,1,1,1,1,65273512
"FR","France","2020-04-03",2066,471,1,1,1,1,1,65273512
"FR","France","2020-04-04",5209,2003,1,1,1,1,1,65273512
"FR","France","2020-04-05",4221,1053,1,1,1,1,1,65273512
"FR","France","2020-04-06",1850,518,1,1,1,1,1,65273512
"FR","France","2020-04-07",3881,832,1,1,1,1,1,65273512
"FR","France","2020-04-08",3737,1417,1,1,1,1,1,65273512
"FR","France","2020-04-09",3869,540,1,1,1,1,1,65273512
"FR","France","2020-04-10",4256,1339,1,1,1,1,1,65273512
"FR","France","2020-04-11",4333,987,1,1,1,1,1,65273512
"FR","France","2020-04-12",3104,635,1,1,1,1,1,65273512
"FR","France","2020-04-13",1595,560,1,1,1,1,1,65273512
"FR","France","2020-04-14",2669,572,1,1,1,1,1,65273512
"FR","France","2020-04-15",5483,762,1,1,1,1,1,65273512
"FR","France","2020-04-16",2621,1438,1,1,1,1,1,65273512
"FR","France","2020-04-17",2623,753,1,1,1,1,1,65273512
"FR","France","2020-04-18",385,760,1,1,1,1,1,65273512
"FR","France","2020-04-19",2558,636,1,1,1,1,1,65273512
"FR","France","2020-04-20",742,395,1,1,1,1,1,65273512
"FR","France","2020-04-21",2050,544,1,1,1,1,1,65273512
"FR","France","2020-04-22",2638,531,1,1,1,1,1,65273512
"FR","France","2020-04-23",1810,544,1,1,1,1,1,65273512
"FR","France","2020-04-24",1623,516,1,1,1,1,1,65273512
"FR","France","2020-04-25",1755,389,1,1,1,1,1,65273512
"FR","France","2020-04-26",1537,368,1,1,1,1,1,65273512
"FR","France","2020-04-27",404,242,1,1,1,1,1,65273512
"FR","France","2020-04-28",1160,437,1,1,1,1,1,65273512
"FR","France","2020-04-29",1025,366,1,1,1,1,1,65273512
"FR","France","2020-04-30",1601,427,1,1,1,1,1,65273512
"FR","France","2020-05-01",1055,288,1,1,1,1,1,65273512
"FR","France","2020-05-02",601,218,1,1,1,1,1,65273512
"FR","France","2020-05-03",736,164,1,1,1,1,1,65273512
"FR","France","2020-05-04",250,135,1,1,1,1,1,65273512
"FR","France","2020-05-05",534,306,1,1,1,1,1,65273512
"FR","France","2020-05-06",1050,326,1,1,1,1,1,NA
"FR","France","2020-05-07",4176,278,1,1,1,1,1,NA
"FR","France","2020-05-08",512,177,1,1,1,1,1,NA
"FR","France","2020-05-09",598,242,1,1,1,1,1,NA
"FR","France","2020-05-10",430,80,1,1,1,1,1,NA
"FR","France","2020-05-11",65,70,1,1,1,1,1,NA
"FR","France","2020-05-12",418,262,1,1,1,1,1,NA
"FR","France","2020-05-13",670,348,1,1,1,1,1,NA
"FR","France","2020-05-14",448,81,1,1,1,1,1,NA
"FR","France","2020-05-15",543,349,1,1,1,1,1,NA
"FR","France","2020-05-16",494,130,1,1,1,1,1,NA
"FR","France","2020-05-17",362,88,1,1,1,1,1,NA
"FR","France","2020-05-18",28,66,1,1,1,1,1,NA
"FR","France","2020-05-19",461,186,1,1,1,1,1,NA
"FR","France","2020-05-20",462,124,1,1,1,1,1,NA
"FR","France","2020-05-21",353,109,1,1,1,1,1,NA
"FR","France","2020-05-22",278,83,1,1,1,1,1,NA
"FR","France","2020-05-23",359,74,1,1,1,1,1,NA
"FR","France","2020-05-24",224,43,1,1,1,1,1,NA
"FR","France","2020-05-25",31,34,1,1,1,1,1,NA
"FR","France","2020-05-26",278,64,1,1,1,1,1,NA
"FR","France","2020-05-27",222,98,1,1,1,1,1,NA
"FR","France","2020-05-28",148,66,1,1,1,1,1,NA
"FR","France","2020-05-29",3270,65,1,1,1,1,1,NA
"FR","France","2020-05-30",535,52,1,1,1,1,1,NA
"FR","France","2020-05-31",1779,57,1,1,1,1,1,NA
"FR","France","2020-06-01",88,29,1,1,1,1,1,NA
"FR","France","2020-06-02",251,30,1,1,1,1,1,NA
"FR","France","2020-06-03",NA,107,1,1,1,1,1,NA
"FR","France","2020-06-04",328,81,1,1,1,1,1,NA
"FR","France","2020-06-05",678,43,1,1,1,1,1,NA
"FR","France","2020-06-06",554,46,1,1,1,1,1,NA
"FR","France","2020-06-07",527,31,1,1,1,1,1,NA
"FR","France","2020-06-08",293,13,1,1,1,1,1,NA
"FR","France","2020-06-09",98,52,1,1,1,1,1,NA
"FR","France","2020-06-10",335,85,1,1,1,1,1,NA
"FR","France","2020-06-11",417,23,1,1,1,1,1,NA
"FR","France","2020-06-12",338,27,1,1,1,1,1,NA
"FR","France","2020-06-13",564,28,1,1,1,1,1,NA
"FR","France","2020-06-14",393,23,1,1,1,1,1,NA
"FR","France","2020-06-15",307,8,1,1,1,1,1,NA
"FR","France","2020-06-16",52,30,1,1,1,1,1,NA
"FR","France","2020-06-17",226,108,1,1,1,1,1,NA
"FR","France","2020-06-18",311,28,1,1,1,1,1,NA
"FR","France","2020-06-19",201,28,1,1,1,1,1,NA
"FR","France","2020-06-20",584,14,1,1,1,1,1,NA
"FR","France","2020-06-21",421,14,1,1,1,1,1,NA
"FR","France","2020-06-22",5,6,1,1,1,1,1,NA
"FR","France","2020-06-23",325,20,1,1,1,1,1,NA
"FR","France","2020-06-24",364,57,1,1,1,1,1,NA
"FR","France","2020-06-25",0,0,1,1,1,1,1,NA
"FR","France","2020-06-26",0,27,1,1,1,1,1,NA
"FR","France","2020-06-27",900,25,1,1,1,1,1,NA
"FR","France","2020-06-28",0,0,1,1,1,1,1,NA
"FR","France","2020-06-29",0,0,1,1,1,1,1,NA
"FR","France","2020-06-30",731,30,1,1,1,1,1,NA
"DE","Germany","2020-01-03",0,0,0,0,0,0,0,NA
"DE","Germany","2020-01-04",0,0,0,0,0,0,0,NA
"DE","Germany","2020-01-05",0,0,0,0,0,0,0,NA
"DE","Germany","2020-01-06",0,0,0,0,0,0,0,NA
"DE","Germany","2020-01-07",0,0,0,0,0,0,0,NA
"DE","Germany","2020-01-08",0,0,0,0,0,0,0,NA
"DE","Germany","2020-01-09",0,0,0,0,0,0,0,NA
"DE","Germany","2020-01-10",0,0,0,0,0,0,0,NA
"DE","Germany","2020-01-11",0,0,0,0,0,0,0,NA
"DE","Germany","2020-01-12",0,0,0,0,0,0,0,NA
"DE","Germany","2020-01-13",0,0,0,0,0,0,0,NA
"DE","Germany","2020-01-14",0,0,0,0,0,0,0,NA
"DE","Germany","2020-01-15",0,0,0,0,0,0,0,NA
"DE","Germany","2020-01-16",0,0,0,0,0,0,0,NA
"DE","Germany","2020-01-17",0,0,0,0,0,0,0,NA
"DE","Germany","2020-01-18",0,0,0,0,0,0,0,NA
"DE","Germany","2020-01-19",0,0,0,0,0,0,0,NA
"DE","Germany","2020-01-20",0,0,0,0,0,0,0,NA
"DE","Germany","2020-01-21",0,0,0,0,0,0,0,NA
"DE","Germany","2020-01-22",0,0,0,0,0,0,0,NA
"DE","Germany","2020-01-23",0,0,0,0,0,0,0,NA
"DE","Germany","2020-01-24",0,0,0,0,0,0,0,NA
"DE","Germany","2020-01-25",0,0,0,0,0,0,0,NA
"DE","Germany","2020-01-26",0,0,0,0,0,0,0,NA
"DE","Germany","2020-01-27",0,0,0,0,0,0,0,NA
"DE","Germany","2020-01-28",1,0,0,0,0,0,0,NA
"DE","Germany","2020-01-29",3,0,0,0,0,0,0,NA
"DE","Germany","2020-01-30",0,0,0,0,0,0,0,NA
"DE","Germany","2020-01-31",1,0,0,0,0,0,0,NA
"DE","Germany","2020-02-01",2,0,0,0,0,0,0,NA
"DE","Germany","2020-02-02",1,0,0,0,0,0,0,NA
"DE","Germany","2020-02-03",1,0,0,0,0,0,0,NA
"DE","Germany","2020-02-04",2,0,0,0,0,0,0,NA
"DE","Germany","2020-02-05",0,0,0,0,0,0,0,NA
"DE","Germany","2020-02-06",0,0,0,0,0,0,0,NA
"DE","Germany","2020-02-07",1,0,0,0,0,0,0,NA
"DE","Germany","2020-02-08",1,0,0,0,0,0,0,NA
"DE","Germany","2020-02-09",0,0,0,0,0,0,0,NA
"DE","Germany","2020-02-10",0,0,0,0,0,0,0,NA
"DE","Germany","2020-02-11",0,0,0,0,0,0,0,NA
"DE","Germany","2020-02-12",2,0,0,0,0,0,0,NA
"DE","Germany","2020-02-13",0,0,0,0,0,0,0,NA
"DE","Germany","2020-02-14",0,0,0,0,0,0,0,NA
"DE","Germany","2020-02-15",0,0,0,0,0,0,0,83783945
"DE","Germany","2020-02-16",0,0,0,0,0,0,0,83783945
"DE","Germany","2020-02-17",0,0,0,0,0,0,0,83783945
"DE","Germany","2020-02-18",0,0,0,0,0,0,0,83783945
"DE","Germany","2020-02-19",0,0,0,0,0,0,0,83783945
"DE","Germany","2020-02-20",0,0,0,0,0,0,0,83783945
"DE","Germany","2020-02-21",0,0,0,0,0,0,0,83783945
"DE","Germany","2020-02-22",0,0,0,0,0,0,0,83783945
"DE","Germany","2020-02-23",0,0,0,0,0,0,0,83783945
"DE","Germany","2020-02-24",0,0,0,0,0,0,0,83783945
"DE","Germany","2020-02-25",0,0,0,0,0,0,0,83783945
"DE","Germany","2020-02-26",2,0,0,0,0,0,0,83783945
"DE","Germany","2020-02-27",4,0,0,0,0,0,0,83783945
"DE","Germany","2020-02-28",26,0,0,0,0,0,0,83783945
"DE","Germany","2020-02-29",10,0,0,0,0,0,0,83783945
"DE","Germany","2020-03-01",54,0,0,0,0,0,0,83783945
"DE","Germany","2020-03-02",18,0,0,0,0,0,0,83783945
"DE","Germany","2020-03-03",28,0,0,0,0,0,0,83783945
"DE","Germany","2020-03-04",39,0,0,0,0,0,0,83783945
"DE","Germany","2020-03-05",66,0,0,0,0,0,0,83783945
"DE","Germany","2020-03-06",138,0,0,1,0,0,0,83783945
"DE","Germany","2020-03-07",284,0,0,1,0,0,0,83783945
"DE","Germany","2020-03-08",163,0,0,1,0,0,0,83783945
"DE","Germany","2020-03-09",55,0,0,1,0,0,0,83783945
"DE","Germany","2020-03-10",237,2,0,1,0,0,0,83783945
"DE","Germany","2020-03-11",157,0,0,1,0,0,0,83783945
"DE","Germany","2020-03-12",271,1,0,1,0,0,1,83783945
"DE","Germany","2020-03-13",802,2,0,1,0,0,1,83783945
"DE","Germany","2020-03-14",693,0,1,1,0,0,1,83783945
"DE","Germany","2020-03-15",733,3,1,1,0,0,1,83783945
"DE","Germany","2020-03-16",1043,4,1,1,0,0,1,83783945
"DE","Germany","2020-03-17",1174,1,1,1,0,0,1,83783945
"DE","Germany","2020-03-18",1144,0,1,1,0,0,1,83783945
"DE","Germany","2020-03-19",1042,0,1,1,0,0,1,83783945
"DE","Germany","2020-03-20",5940,30,1,1,0,0,1,83783945
"DE","Germany","2020-03-21",4049,2,1,1,0,0,1,83783945
"DE","Germany","2020-03-22",3276,22,1,1,1,1,1,83783945
"DE","Germany","2020-03-23",3311,27,1,1,1,1,1,83783945
"DE","Germany","2020-03-24",4438,32,1,1,1,1,1,83783945
"DE","Germany","2020-03-25",2342,23,1,1,1,1,1,83783945
"DE","Germany","2020-03-26",4954,49,1,1,1,1,1,83783945
"DE","Germany","2020-03-27",5780,55,1,1,1,1,1,83783945
"DE","Germany","2020-03-28",6294,72,1,1,1,1,1,83783945
"DE","Germany","2020-03-29",3965,64,1,1,1,1,1,83783945
"DE","Germany","2020-03-30",4751,66,1,1,1,1,1,83783945
"DE","Germany","2020-03-31",4615,128,1,1,1,1,1,83783945
"DE","Germany","2020-04-01",5453,149,1,1,1,1,1,83783945
"DE","Germany","2020-04-02",6156,140,1,1,1,1,1,83783945
"DE","Germany","2020-04-03",6174,145,1,1,1,1,1,83783945
"DE","Germany","2020-04-04",6082,141,1,1,1,1,1,83783945
"DE","Germany","2020-04-05",5936,184,1,1,1,1,1,83783945
"DE","Germany","2020-04-06",3677,92,1,1,1,1,1,83783945
"DE","Germany","2020-04-07",3834,173,1,1,1,1,1,83783945
"DE","Germany","2020-04-08",4003,254,1,1,1,1,1,83783945
"DE","Germany","2020-04-09",4974,246,1,1,1,1,1,83783945
"DE","Germany","2020-04-10",5323,266,1,1,1,1,1,83783945
"DE","Germany","2020-04-11",4133,171,1,1,1,1,1,83783945
"DE","Germany","2020-04-12",2821,129,1,1,1,1,1,83783945
"DE","Germany","2020-04-13",2537,126,1,1,1,1,1,83783945
"DE","Germany","2020-04-14",2082,170,1,1,1,1,1,83783945
"DE","Germany","2020-04-15",2486,285,1,1,1,1,1,83783945
"DE","Germany","2020-04-16",2866,315,1,1,1,1,1,83783945
"DE","Germany","2020-04-17",3380,299,1,1,1,1,1,83783945
"DE","Germany","2020-04-18",3609,242,1,1,1,1,1,83783945
"DE","Germany","2020-04-19",2458,184,1,1,1,1,1,83783945
"DE","Germany","2020-04-20",1775,110,1,1,1,1,1,83783945
"DE","Germany","2020-04-21",1785,194,1,1,1,1,1,83783945
"DE","Germany","2020-04-22",2237,281,1,1,1,1,1,83783945
"DE","Germany","2020-04-23",2352,215,1,1,1,1,1,83783945
"DE","Germany","2020-04-24",2337,227,1,1,1,1,1,83783945
"DE","Germany","2020-04-25",2055,179,1,1,1,1,1,83783945
"DE","Germany","2020-04-26",1737,140,1,1,1,1,1,83783945
"DE","Germany","2020-04-27",1018,110,1,1,1,1,1,83783945
"DE","Germany","2020-04-28",1144,163,1,1,1,1,1,83783945
"DE","Germany","2020-04-29",1304,202,1,1,1,1,1,83783945
"DE","Germany","2020-04-30",1478,173,1,1,1,1,1,83783945
"DE","Germany","2020-05-01",1639,193,1,1,1,1,1,83783945
"DE","Germany","2020-05-02",945,94,1,1,1,1,1,83783945
"DE","Germany","2020-05-03",793,74,1,1,1,1,1,83783945
"DE","Germany","2020-05-04",679,43,1,1,1,1,1,83783945
"DE","Germany","2020-05-05",685,139,1,1,1,1,1,83783945
"DE","Germany","2020-05-06",947,165,1,1,1,1,1,NA
"DE","Germany","2020-05-07",1284,123,1,1,1,1,1,NA
"DE","Germany","2020-05-08",1209,147,1,1,1,1,1,NA
"DE","Germany","2020-05-09",1251,103,1,1,1,1,1,NA
"DE","Germany","2020-05-10",667,26,1,1,1,1,1,NA
"DE","Germany","2020-05-11",357,22,1,1,1,1,1,NA
"DE","Germany","2020-05-12",933,116,1,1,1,1,1,NA
"DE","Germany","2020-05-13",798,101,1,1,1,1,1,NA
"DE","Germany","2020-05-14",933,89,1,1,1,1,1,NA
"DE","Germany","2020-05-15",913,101,1,1,1,1,1,NA
"DE","Germany","2020-05-16",620,57,1,1,1,1,1,NA
"DE","Germany","2020-05-17",583,33,1,1,1,1,1,NA
"DE","Germany","2020-05-18",342,21,1,1,1,1,1,NA
"DE","Germany","2020-05-19",513,72,1,1,1,1,1,NA
"DE","Germany","2020-05-20",797,83,1,1,1,1,1,NA
"DE","Germany","2020-05-21",745,57,1,1,1,1,1,NA
"DE","Germany","2020-05-22",460,27,1,1,1,1,1,NA
"DE","Germany","2020-05-23",638,42,1,1,1,1,1,NA
"DE","Germany","2020-05-24",431,31,1,1,1,1,1,NA
"DE","Germany","2020-05-25",289,10,1,1,1,1,1,NA
"DE","Germany","2020-05-26",432,45,1,1,1,1,1,NA
"DE","Germany","2020-05-27",362,47,1,1,1,1,1,NA
"DE","Germany","2020-05-28",353,62,1,1,1,1,1,NA
"DE","Germany","2020-05-29",741,39,1,1,1,1,1,NA
"DE","Germany","2020-05-30",738,39,1,1,1,1,1,NA
"DE","Germany","2020-05-31",286,11,1,1,1,1,1,NA
"DE","Germany","2020-06-01",333,11,1,1,1,1,1,NA
"DE","Germany","2020-06-02",213,11,1,1,1,1,1,NA
"DE","Germany","2020-06-03",342,29,1,1,1,1,1,NA
"DE","Germany","2020-06-04",394,30,1,1,1,1,1,NA
"DE","Germany","2020-06-05",507,32,1,1,1,1,1,NA
"DE","Germany","2020-06-06",407,33,1,1,1,1,1,NA
"DE","Germany","2020-06-07",301,22,1,1,1,1,1,NA
"DE","Germany","2020-06-08",214,6,1,1,1,1,1,NA
"DE","Germany","2020-06-09",350,37,1,1,1,1,1,NA
"DE","Germany","2020-06-10",318,18,1,1,1,1,1,NA
"DE","Germany","2020-06-11",555,26,1,1,1,1,1,NA
"DE","Germany","2020-06-12",258,8,1,1,1,1,1,NA
"DE","Germany","2020-06-13",348,18,1,1,1,1,1,NA
"DE","Germany","2020-06-14",247,6,1,1,1,1,1,NA
"DE","Germany","2020-06-15",192,4,1,1,1,1,1,NA
"DE","Germany","2020-06-16",378,9,1,1,1,1,1,NA
"DE","Germany","2020-06-17",345,30,1,1,1,1,1,NA
"DE","Germany","2020-06-18",580,26,1,1,1,1,1,NA
"DE","Germany","2020-06-19",770,16,1,1,1,1,1,NA
"DE","Germany","2020-06-20",601,10,1,1,1,1,1,NA
"DE","Germany","2020-06-21",687,0,1,1,1,1,1,NA
"DE","Germany","2020-06-22",537,3,1,1,1,1,1,NA
"DE","Germany","2020-06-23",503,10,1,1,1,1,1,NA
"DE","Germany","2020-06-24",587,19,1,1,1,1,1,NA
"DE","Germany","2020-06-25",630,13,1,1,1,1,1,NA
"DE","Germany","2020-06-26",477,21,1,1,1,1,1,NA
"DE","Germany","2020-06-27",687,6,1,1,1,1,1,NA
"DE","Germany","2020-06-28",256,3,1,1,1,1,1,NA
"DE","Germany","2020-06-29",262,4,1,1,1,1,1,NA
"DE","Germany","2020-06-30",498,12,1,1,1,1,1,NA
"IT","Italy","2020-01-03",0,0,0,0,0,0,0,NA
"IT","Italy","2020-01-04",0,0,0,0,0,0,0,NA
"IT","Italy","2020-01-05",0,0,0,0,0,0,0,NA
"IT","Italy","2020-01-06",0,0,0,0,0,0,0,NA
"IT","Italy","2020-01-07",0,0,0,0,0,0,0,NA
"IT","Italy","2020-01-08",0,0,0,0,0,0,0,NA
"IT","Italy","2020-01-09",0,0,0,0,0,0,0,NA
"IT","Italy","2020-01-10",0,0,0,0,0,0,0,NA
"IT","Italy","2020-01-11",0,0,0,0,0,0,0,NA
"IT","Italy","2020-01-12",0,0,0,0,0,0,0,NA
"IT","Italy","2020-01-13",0,0,0,0,0,0,0,NA
"IT","Italy","2020-01-14",0,0,0,0,0,0,0,NA
"IT","Italy","2020-01-15",0,0,0,0,0,0,0,NA
"IT","Italy","2020-01-16",0,0,0,0,0,0,0,NA
"IT","Italy","2020-01-17",0,0,0,0,0,0,0,NA
"IT","Italy","2020-01-18",0,0,0,0,0,0,0,NA
"IT","Italy","2020-01-19",0,0,0,0,0,0,0,NA
"IT","Italy","2020-01-20",0,0,0,0,0,0,0,NA
"IT","Italy","2020-01-21",0,0,0,0,0,0,0,NA
"IT","Italy","2020-01-22",0,0,0,0,0,0,0,NA
"IT","Italy","2020-01-23",0,0,0,0,0,0,0,NA
"IT","Italy","2020-01-24",0,0,0,0,0,0,0,NA
"IT","Italy","2020-01-25",0,0,0,0,0,0,0,NA
"IT","Italy","2020-01-26",0,0,0,0,0,0,0,NA
"IT","Italy","2020-01-27",0,0,0,0,0,0,0,60461828
"IT","Italy","2020-01-28",0,0,0,0,0,0,0,60461828
"IT","Italy","2020-01-29",2,0,0,0,0,0,0,60461828
"IT","Italy","2020-01-30",0,0,0,0,0,0,0,60461828
"IT","Italy","2020-01-31",1,0,0,0,0,0,0,60461828
"IT","Italy","2020-02-01",0,0,0,0,0,0,0,60461828
"IT","Italy","2020-02-02",0,0,0,0,0,0,0,60461828
"IT","Italy","2020-02-03",0,0,0,0,0,0,0,60461828
"IT","Italy","2020-02-04",0,0,0,0,0,0,0,60461828
"IT","Italy","2020-02-05",0,0,0,0,0,0,0,60461828
"IT","Italy","2020-02-06",0,0,0,0,0,0,0,60461828
"IT","Italy","2020-02-07",0,0,0,0,0,0,0,60461828
"IT","Italy","2020-02-08",0,0,0,0,0,0,0,60461828
"IT","Italy","2020-02-09",0,0,0,0,0,0,0,60461828
"IT","Italy","2020-02-10",0,0,0,0,0,0,0,60461828
"IT","Italy","2020-02-11",0,0,0,0,0,0,0,60461828
"IT","Italy","2020-02-12",0,0,0,0,0,0,0,60461828
"IT","Italy","2020-02-13",0,0,0,0,0,0,0,60461828
"IT","Italy","2020-02-14",0,0,0,0,0,0,0,60461828
"IT","Italy","2020-02-15",0,0,0,0,0,0,0,60461828
"IT","Italy","2020-02-16",0,0,0,0,0,0,0,60461828
"IT","Italy","2020-02-17",0,0,0,0,0,0,0,60461828
"IT","Italy","2020-02-18",0,0,0,0,0,0,0,60461828
"IT","Italy","2020-02-19",0,0,0,0,0,0,0,60461828
"IT","Italy","2020-02-20",0,0,0,0,0,0,0,60461828
"IT","Italy","2020-02-21",0,0,0,0,0,0,0,60461828
"IT","Italy","2020-02-22",14,0,0,0,0,0,0,60461828
"IT","Italy","2020-02-23",62,2,0,0,0,0,0,60461828
"IT","Italy","2020-02-24",53,0,0,0,0,0,0,60461828
"IT","Italy","2020-02-25",97,4,0,0,0,0,0,60461828
"IT","Italy","2020-02-26",93,5,0,0,0,0,0,60461828
"IT","Italy","2020-02-27",78,1,0,0,0,0,0,60461828
"IT","Italy","2020-02-28",250,5,0,0,0,0,0,60461828
"IT","Italy","2020-02-29",238,4,0,0,0,0,0,60461828
"IT","Italy","2020-03-01",240,8,0,0,0,0,0,60461828
"IT","Italy","2020-03-02",561,6,0,0,0,0,0,60461828
"IT","Italy","2020-03-03",347,17,0,0,0,0,0,60461828
"IT","Italy","2020-03-04",466,28,0,0,0,0,0,60461828
"IT","Italy","2020-03-05",587,27,1,0,0,0,0,60461828
"IT","Italy","2020-03-06",769,41,1,0,0,0,0,60461828
"IT","Italy","2020-03-07",778,49,1,0,0,0,0,60461828
"IT","Italy","2020-03-08",1247,36,1,0,0,0,0,60461828
"IT","Italy","2020-03-09",1492,133,1,1,1,0,1,60461828
"IT","Italy","2020-03-10",1797,98,1,1,1,0,1,60461828
"IT","Italy","2020-03-11",977,167,1,1,1,1,1,60461828
"IT","Italy","2020-03-12",2313,196,1,1,1,1,1,60461828
"IT","Italy","2020-03-13",2651,189,1,1,1,1,1,60461828
"IT","Italy","2020-03-14",2547,252,1,1,1,1,1,60461828
"IT","Italy","2020-03-15",3497,173,1,1,1,1,1,60461828
"IT","Italy","2020-03-16",2823,370,1,1,1,1,1,60461828
"IT","Italy","2020-03-17",4000,347,1,1,1,1,1,60461828
"IT","Italy","2020-03-18",3526,347,1,1,1,1,1,60461828
"IT","Italy","2020-03-19",4207,473,1,1,1,1,1,60461828
"IT","Italy","2020-03-20",5322,429,1,1,1,1,1,60461828
"IT","Italy","2020-03-21",5986,625,1,1,1,1,1,60461828
"IT","Italy","2020-03-22",6557,795,1,1,1,1,1,60461828
"IT","Italy","2020-03-23",5560,649,1,1,1,1,1,60461828
"IT","Italy","2020-03-24",4789,601,1,1,1,1,1,60461828
"IT","Italy","2020-03-25",5249,743,1,1,1,1,1,60461828
"IT","Italy","2020-03-26",5210,685,1,1,1,1,1,60461828
"IT","Italy","2020-03-27",6153,660,1,1,1,1,1,60461828
"IT","Italy","2020-03-28",5959,971,1,1,1,1,1,60461828
"IT","Italy","2020-03-29",5974,887,1,1,1,1,1,60461828
"IT","Italy","2020-03-30",5217,758,1,1,1,1,1,60461828
"IT","Italy","2020-03-31",4050,810,1,1,1,1,1,60461828
"IT","Italy","2020-04-01",4053,839,1,1,1,1,1,60461828
"IT","Italy","2020-04-02",4782,727,1,1,1,1,1,60461828
"IT","Italy","2020-04-03",4668,760,1,1,1,1,1,60461828
"IT","Italy","2020-04-04",4585,764,1,1,1,1,1,60461828
"IT","Italy","2020-04-05",4805,681,1,1,1,1,1,60461828
"IT","Italy","2020-04-06",4316,527,1,1,1,1,1,60461828
"IT","Italy","2020-04-07",3599,636,1,1,1,1,1,60461828
"IT","Italy","2020-04-08",3039,604,1,1,1,1,1,60461828
"IT","Italy","2020-04-09",3836,540,1,1,1,1,1,60461828
"IT","Italy","2020-04-10",4204,612,1,1,1,1,1,60461828
"IT","Italy","2020-04-11",3951,570,1,1,1,1,1,60461828
"IT","Italy","2020-04-12",4694,619,1,1,1,1,1,60461828
"IT","Italy","2020-04-13",4092,431,1,1,1,1,1,60461828
"IT","Italy","2020-04-14",3153,564,1,1,1,1,1,60461828
"IT","Italy","2020-04-15",2972,604,1,1,1,1,1,60461828
"IT","Italy","2020-04-16",2667,578,1,1,1,1,1,60461828
"IT","Italy","2020-04-17",3786,525,1,1,1,1,1,60461828
"IT","Italy","2020-04-18",3493,575,1,1,1,1,1,60461828
"IT","Italy","2020-04-19",3491,480,1,1,1,1,1,60461828
"IT","Italy","2020-04-20",3047,433,1,1,1,1,1,60461828
"IT","Italy","2020-04-21",2256,454,1,1,1,1,1,60461828
"IT","Italy","2020-04-22",2729,534,1,1,1,1,1,60461828
"IT","Italy","2020-04-23",3370,437,1,1,1,1,1,60461828
"IT","Italy","2020-04-24",2646,464,1,1,1,1,1,60461828
"IT","Italy","2020-04-25",3021,420,1,1,1,1,1,60461828
"IT","Italy","2020-04-26",2357,415,1,1,1,1,1,60461828
"IT","Italy","2020-04-27",2324,260,1,1,1,1,1,60461828
"IT","Italy","2020-04-28",1739,333,1,1,1,1,1,60461828
"IT","Italy","2020-04-29",2091,382,1,1,1,1,1,60461828
"IT","Italy","2020-04-30",2086,323,1,1,1,1,1,60461828
"IT","Italy","2020-05-01",1872,285,1,1,1,1,1,60461828
"IT","Italy","2020-05-02",1965,269,1,1,1,1,1,60461828
"IT","Italy","2020-05-03",1900,474,1,1,1,1,1,60461828
"IT","Italy","2020-05-04",1389,174,1,1,1,1,1,60461828
"IT","Italy","2020-05-05",1221,195,1,1,1,1,1,60461828
"IT","Italy","2020-05-06",1075,236,1,1,1,1,1,NA
"IT","Italy","2020-05-07",1444,369,1,1,1,1,1,NA
"IT","Italy","2020-05-08",1401,274,1,1,1,1,1,NA
"IT","Italy","2020-05-09",1327,243,1,1,1,1,1,NA
"IT","Italy","2020-05-10",1083,194,1,1,1,1,1,NA
"IT","Italy","2020-05-11",802,165,1,1,1,1,1,NA
"IT","Italy","2020-05-12",744,179,1,1,1,1,1,NA
"IT","Italy","2020-05-13",1402,172,1,1,1,1,1,NA
"IT","Italy","2020-05-14",888,195,1,1,1,1,1,NA
"IT","Italy","2020-05-15",992,262,1,1,1,1,1,NA
"IT","Italy","2020-05-16",789,242,1,1,1,1,1,NA
"IT","Italy","2020-05-17",875,153,1,1,1,1,1,NA
"IT","Italy","2020-05-18",675,145,1,1,1,1,1,NA
"IT","Italy","2020-05-19",451,99,1,1,1,1,1,NA
"IT","Italy","2020-05-20",813,162,1,1,1,1,1,NA
"IT","Italy","2020-05-21",665,161,1,1,1,1,1,NA
"IT","Italy","2020-05-22",642,156,1,1,1,1,1,NA
"IT","Italy","2020-05-23",652,130,1,1,1,1,1,NA
"IT","Italy","2020-05-24",669,119,1,1,1,1,1,NA
"IT","Italy","2020-05-25",531,50,1,1,1,1,1,NA
"IT","Italy","2020-05-26",300,92,1,1,1,1,1,NA
"IT","Italy","2020-05-27",397,78,1,1,1,1,1,NA
"IT","Italy","2020-05-28",584,117,1,1,1,1,1,NA
"IT","Italy","2020-05-29",593,70,1,1,1,1,1,NA
"IT","Italy","2020-05-30",516,87,1,1,1,1,1,NA
"IT","Italy","2020-05-31",416,111,1,1,1,1,1,NA
"IT","Italy","2020-06-01",355,75,1,1,1,1,1,NA
"IT","Italy","2020-06-02",178,60,1,1,1,1,1,NA
"IT","Italy","2020-06-03",318,55,1,1,1,1,1,NA
"IT","Italy","2020-06-04",321,71,1,1,1,1,1,NA
"IT","Italy","2020-06-05",177,88,1,1,1,1,1,NA
"IT","Italy","2020-06-06",518,85,1,1,1,1,1,NA
"IT","Italy","2020-06-07",270,72,1,1,1,1,1,NA
"IT","Italy","2020-06-08",197,53,1,1,1,1,1,NA
"IT","Italy","2020-06-09",280,65,1,1,1,1,1,NA
"IT","Italy","2020-06-10",283,79,1,1,1,1,1,NA
"IT","Italy","2020-06-11",202,71,1,1,1,1,1,NA
"IT","Italy","2020-06-12",379,53,1,1,1,1,1,NA
"IT","Italy","2020-06-13",163,56,1,1,1,1,1,NA
"IT","Italy","2020-06-14",346,78,1,1,1,1,1,NA
"IT","Italy","2020-06-15",338,44,1,1,1,1,1,NA
"IT","Italy","2020-06-16",301,26,1,1,1,1,1,NA
"IT","Italy","2020-06-17",210,34,1,1,1,1,1,NA
"IT","Italy","2020-06-18",328,43,1,1,1,1,1,NA
"IT","Italy","2020-06-19",331,66,1,1,1,1,1,NA
"IT","Italy","2020-06-20",NA,47,1,1,1,1,1,NA
"IT","Italy","2020-06-21",264,49,1,1,1,1,1,NA
"IT","Italy","2020-06-22",224,24,1,1,1,1,1,NA
"IT","Italy","2020-06-23",221,23,1,1,1,1,1,NA
"IT","Italy","2020-06-24",113,18,1,1,1,1,1,NA
"IT","Italy","2020-06-25",577,NA,1,1,1,1,1,NA
"IT","Italy","2020-06-26",296,34,1,1,1,1,1,NA
"IT","Italy","2020-06-27",255,30,1,1,1,1,1,NA
"IT","Italy","2020-06-28",175,8,1,1,1,1,1,NA
"IT","Italy","2020-06-29",174,22,1,1,1,1,1,NA
"IT","Italy","2020-06-30",126,6,1,1,1,1,1,NA
"NO","Norway","2020-01-03",0,0,0,0,0,0,0,NA
"NO","Norway","2020-01-04",0,0,0,0,0,0,0,NA
"NO","Norway","2020-01-05",0,0,0,0,0,0,0,NA
"NO","Norway","2020-01-06",0,0,0,0,0,0,0,NA
"NO","Norway","2020-01-07",0,0,0,0,0,0,0,NA
"NO","Norway","2020-01-08",0,0,0,0,0,0,0,NA
"NO","Norway","2020-01-09",0,0,0,0,0,0,0,NA
"NO","Norway","2020-01-10",0,0,0,0,0,0,0,NA
"NO","Norway","2020-01-11",0,0,0,0,0,0,0,NA
"NO","Norway","2020-01-12",0,0,0,0,0,0,0,NA
"NO","Norway","2020-01-13",0,0,0,0,0,0,0,NA
"NO","Norway","2020-01-14",0,0,0,0,0,0,0,NA
"NO","Norway","2020-01-15",0,0,0,0,0,0,0,NA
"NO","Norway","2020-01-16",0,0,0,0,0,0,0,NA
"NO","Norway","2020-01-17",0,0,0,0,0,0,0,NA
"NO","Norway","2020-01-18",0,0,0,0,0,0,0,NA
"NO","Norway","2020-01-19",0,0,0,0,0,0,0,NA
"NO","Norway","2020-01-20",0,0,0,0,0,0,0,NA
"NO","Norway","2020-01-21",0,0,0,0,0,0,0,NA
"NO","Norway","2020-01-22",0,0,0,0,0,0,0,NA
"NO","Norway","2020-01-23",0,0,0,0,0,0,0,NA
"NO","Norway","2020-01-24",0,0,0,0,0,0,0,NA
"NO","Norway","2020-01-25",0,0,0,0,0,0,0,NA
"NO","Norway","2020-01-26",0,0,0,0,0,0,0,NA
"NO","Norway","2020-01-27",0,0,0,0,0,0,0,NA
"NO","Norway","2020-01-28",0,0,0,0,0,0,0,NA
"NO","Norway","2020-01-29",0,0,0,0,0,0,0,NA
"NO","Norway","2020-01-30",0,0,0,0,0,0,0,NA
"NO","Norway","2020-01-31",0,0,0,0,0,0,0,NA
"NO","Norway","2020-02-01",0,0,0,0,0,0,0,NA
"NO","Norway","2020-02-02",0,0,0,0,0,0,0,NA
"NO","Norway","2020-02-03",0,0,0,0,0,0,0,NA
"NO","Norway","2020-02-04",0,0,0,0,0,0,0,NA
"NO","Norway","2020-02-05",0,0,0,0,0,0,0,NA
"NO","Norway","2020-02-06",0,0,0,0,0,0,0,NA
"NO","Norway","2020-02-07",0,0,0,0,0,0,0,NA
"NO","Norway","2020-02-08",0,0,0,0,0,0,0,NA
"NO","Norway","2020-02-09",0,0,0,0,0,0,0,NA
"NO","Norway","2020-02-10",0,0,0,0,0,0,0,NA
"NO","Norway","2020-02-11",0,0,0,0,0,0,0,NA
"NO","Norway","2020-02-12",0,0,0,0,0,0,0,NA
"NO","Norway","2020-02-13",0,0,0,0,0,0,0,NA
"NO","Norway","2020-02-14",0,0,0,0,0,0,0,NA
"NO","Norway","2020-02-15",0,0,0,0,0,0,0,NA
"NO","Norway","2020-02-16",0,0,0,0,0,0,0,NA
"NO","Norway","2020-02-17",0,0,0,0,0,0,0,NA
"NO","Norway","2020-02-18",0,0,0,0,0,0,0,NA
"NO","Norway","2020-02-19",0,0,0,0,0,0,0,NA
"NO","Norway","2020-02-20",0,0,0,0,0,0,0,NA
"NO","Norway","2020-02-21",0,0,0,0,0,0,0,NA
"NO","Norway","2020-02-22",0,0,0,0,0,0,0,NA
"NO","Norway","2020-02-23",0,0,0,0,0,0,0,NA
"NO","Norway","2020-02-24",0,0,0,0,0,0,0,5421242
"NO","Norway","2020-02-25",0,0,0,0,0,0,0,5421242
"NO","Norway","2020-02-26",1,0,0,0,0,0,0,5421242
"NO","Norway","2020-02-27",0,0,0,0,0,0,0,5421242
"NO","Norway","2020-02-28",3,0,0,0,0,0,0,5421242
"NO","Norway","2020-02-29",2,0,0,0,0,0,0,5421242
"NO","Norway","2020-03-01",9,0,0,0,0,0,0,5421242
"NO","Norway","2020-03-02",4,0,0,0,0,0,0,5421242
"NO","Norway","2020-03-03",6,0,0,0,0,0,0,5421242
"NO","Norway","2020-03-04",8,0,0,0,0,0,0,5421242
"NO","Norway","2020-03-05",23,0,0,0,0,0,0,5421242
"NO","Norway","2020-03-06",30,0,0,0,0,0,0,5421242
"NO","Norway","2020-03-07",27,0,0,0,0,0,0,5421242
"NO","Norway","2020-03-08",34,0,0,0,0,0,0,5421242
"NO","Norway","2020-03-09",22,0,0,0,0,0,0,5421242
"NO","Norway","2020-03-10",23,0,0,0,0,0,0,5421242
"NO","Norway","2020-03-11",85,0,0,0,0,0,0,5421242
"NO","Norway","2020-03-12",212,0,0,0,1,0,0,5421242
"NO","Norway","2020-03-13",132,1,1,0,1,0,0,5421242
"NO","Norway","2020-03-14",0,0,1,0,1,0,0,5421242
"NO","Norway","2020-03-15",286,0,1,1,1,0,0,5421242
"NO","Norway","2020-03-16",170,0,1,1,1,0,1,5421242
"NO","Norway","2020-03-17",92,2,1,1,1,0,1,5421242
"NO","Norway","2020-03-18",139,0,1,1,1,0,1,5421242
"NO","Norway","2020-03-19",115,0,1,1,1,0,1,5421242
"NO","Norway","2020-03-20",129,3,1,1,1,0,1,5421242
"NO","Norway","2020-03-21",190,1,1,1,1,0,1,5421242
"NO","Norway","2020-03-22",184,0,1,1,1,0,1,5421242
"NO","Norway","2020-03-23",206,0,1,1,1,0,1,5421242
"NO","Norway","2020-03-24",239,1,1,1,1,1,1,5421242
"NO","Norway","2020-03-25",195,2,1,1,1,1,1,5421242
"NO","Norway","2020-03-26",350,2,1,1,1,1,1,5421242
"NO","Norway","2020-03-27",240,2,1,1,1,1,1,5421242
"NO","Norway","2020-03-28",425,2,1,1,1,1,1,5421242
"NO","Norway","2020-03-29",264,4,1,1,1,1,1,5421242
"NO","Norway","2020-03-30",257,2,1,1,1,1,1,5421242
"NO","Norway","2020-03-31",124,4,1,1,1,1,1,5421242
"NO","Norway","2020-04-01",221,2,1,1,1,1,1,5421242
"NO","Norway","2020-04-02",218,4,1,1,1,1,1,5421242
"NO","Norway","2020-04-03",270,10,1,1,1,1,1,5421242
"NO","Norway","2020-04-04",273,2,1,1,1,1,1,5421242
"NO","Norway","2020-04-05",302,6,1,1,1,1,1,5421242
"NO","Norway","2020-04-06",130,8,1,1,1,1,1,5421242
"NO","Norway","2020-04-07",115,1,1,1,1,1,1,5421242
"NO","Norway","2020-04-08",108,10,1,1,1,1,1,5421242
"NO","Norway","2020-04-09",147,11,1,1,1,1,1,5421242
"NO","Norway","2020-04-10",150,8,1,1,1,1,1,5421242
"NO","Norway","2020-04-11",84,4,1,1,1,1,1,5421242
"NO","Norway","2020-04-12",76,6,1,1,1,1,1,5421242
"NO","Norway","2020-04-13",95,5,1,1,1,1,1,5421242
"NO","Norway","2020-04-14",73,11,1,1,1,1,1,5421242
"NO","Norway","2020-04-15",78,13,1,1,1,1,1,5421242
"NO","Norway","2020-04-16",111,3,1,1,1,1,1,5421242
"NO","Norway","2020-04-17",114,6,1,1,1,1,1,5421242
"NO","Norway","2020-04-18",0,0,1,1,1,1,1,5421242
"NO","Norway","2020-04-19",193,12,1,1,1,1,1,5421242
"NO","Norway","2020-04-20",84,6,1,1,1,1,1,5421242
"NO","Norway","2020-04-21",45,0,1,1,1,1,1,5421242
"NO","Norway","2020-04-22",53,9,1,1,1,1,1,5421242
"NO","Norway","2020-04-23",84,6,1,1,1,1,1,5421242
"NO","Norway","2020-04-24",95,11,1,1,1,1,1,5421242
"NO","Norway","2020-04-25",63,11,1,1,1,1,1,5421242
"NO","Norway","2020-04-26",59,2,1,1,1,1,1,5421242
"NO","Norway","2020-04-27",38,0,1,1,1,1,1,5421242
"NO","Norway","2020-04-28",28,0,1,1,1,1,1,5421242
"NO","Norway","2020-04-29",72,2,1,1,1,1,1,5421242
"NO","Norway","2020-04-30",62,7,1,1,1,1,1,5421242
"NO","Norway","2020-05-01",43,2,1,1,1,1,1,5421242
"NO","Norway","2020-05-02",49,0,1,1,1,1,1,5421242
"NO","Norway","2020-05-03",0,0,1,1,1,1,1,5421242
"NO","Norway","2020-05-04",50,4,1,1,1,1,1,5421242
"NO","Norway","2020-05-05",38,0,1,1,1,1,1,5421242
"NO","Norway","2020-05-06",56,1,1,1,1,1,1,NA
"NO","Norway","2020-05-07",50,0,1,1,1,1,1,NA
"NO","Norway","2020-05-08",42,0,1,1,1,1,1,NA
"NO","Norway","2020-05-09",39,4,1,1,1,1,1,NA
"NO","Norway","2020-05-10",35,0,1,1,1,1,1,NA
"NO","Norway","2020-05-11",30,4,1,1,1,1,1,NA
"NO","Norway","2020-05-12",7,7,1,1,1,1,1,NA
"NO","Norway","2020-05-13",29,4,1,1,1,1,1,NA
"NO","Norway","2020-05-14",23,1,1,1,1,1,1,NA
"NO","Norway","2020-05-15",17,3,1,1,1,1,1,NA
"NO","Norway","2020-05-16",22,0,1,1,1,1,1,NA
"NO","Norway","2020-05-17",0,0,1,1,1,1,1,NA
"NO","Norway","2020-05-18",0,0,1,1,1,1,1,NA
"NO","Norway","2020-05-19",52,1,1,1,1,1,1,NA
"NO","Norway","2020-05-20",8,0,1,1,1,1,1,NA
"NO","Norway","2020-05-21",11,1,1,1,1,1,1,NA
"NO","Norway","2020-05-22",0,0,1,1,1,1,1,NA
"NO","Norway","2020-05-23",41,1,1,1,1,1,1,NA
"NO","Norway","2020-05-24",0,0,1,1,1,1,1,NA
"NO","Norway","2020-05-25",0,0,1,1,1,1,1,NA
"NO","Norway","2020-05-26",43,0,1,1,1,1,1,NA
"NO","Norway","2020-05-27",12,0,1,1,1,1,1,NA
"NO","Norway","2020-05-28",19,0,1,1,1,1,1,NA
"NO","Norway","2020-05-29",18,1,1,1,1,1,1,NA
"NO","Norway","2020-05-30",10,0,1,1,1,1,1,NA
"NO","Norway","2020-05-31",0,0,1,1,1,1,1,NA
"NO","Norway","2020-06-01",0,0,1,1,1,1,1,NA
"NO","Norway","2020-06-02",0,0,1,1,1,1,1,NA
"NO","Norway","2020-06-03",35,1,1,1,1,1,1,NA
"NO","Norway","2020-06-04",0,0,1,1,1,1,1,NA
"NO","Norway","2020-06-05",31,1,1,1,1,1,1,NA
"NO","Norway","2020-06-06",27,0,1,1,1,1,1,NA
"NO","Norway","2020-06-07",0,0,1,1,1,1,1,NA
"NO","Norway","2020-06-08",0,0,1,1,1,1,1,NA
"NO","Norway","2020-06-09",43,1,1,1,1,1,1,NA
"NO","Norway","2020-06-10",16,0,1,1,1,1,1,NA
"NO","Norway","2020-06-11",13,0,1,1,1,1,1,NA
"NO","Norway","2020-06-12",18,3,1,1,1,1,1,NA
"NO","Norway","2020-06-13",12,0,1,1,1,1,1,NA
"NO","Norway","2020-06-14",0,0,1,1,1,1,1,NA
"NO","Norway","2020-06-15",0,0,1,1,1,1,1,NA
"NO","Norway","2020-06-16",25,0,1,1,1,1,1,NA
"NO","Norway","2020-06-17",0,0,1,1,1,1,1,NA
"NO","Norway","2020-06-18",29,1,1,1,1,1,1,NA
"NO","Norway","2020-06-19",32,1,1,1,1,1,1,NA
"NO","Norway","2020-06-20",0,0,1,1,1,1,1,NA
"NO","Norway","2020-06-21",16,0,1,1,1,1,1,NA
"NO","Norway","2020-06-22",0,0,1,1,1,1,1,NA
"NO","Norway","2020-06-23",37,4,1,1,1,1,1,NA
"NO","Norway","2020-06-24",6,0,1,1,1,1,1,NA
"NO","Norway","2020-06-25",26,1,1,1,1,1,1,NA
"NO","Norway","2020-06-26",16,0,1,1,1,1,1,NA
"NO","Norway","2020-06-27",22,0,1,1,1,1,1,NA
"NO","Norway","2020-06-28",0,0,1,1,1,1,1,NA
"NO","Norway","2020-06-29",0,0,1,1,1,1,1,NA
"NO","Norway","2020-06-30",40,0,1,1,1,1,1,NA
"ES","Spain","2020-01-03",0,0,0,0,0,0,0,NA
"ES","Spain","2020-01-04",0,0,0,0,0,0,0,NA
"ES","Spain","2020-01-05",0,0,0,0,0,0,0,NA
"ES","Spain","2020-01-06",0,0,0,0,0,0,0,NA
"ES","Spain","2020-01-07",0,0,0,0,0,0,0,NA
"ES","Spain","2020-01-08",0,0,0,0,0,0,0,NA
"ES","Spain","2020-01-09",0,0,0,0,0,0,0,NA
"ES","Spain","2020-01-10",0,0,0,0,0,0,0,NA
"ES","Spain","2020-01-11",0,0,0,0,0,0,0,NA
"ES","Spain","2020-01-12",0,0,0,0,0,0,0,NA
"ES","Spain","2020-01-13",0,0,0,0,0,0,0,NA
"ES","Spain","2020-01-14",0,0,0,0,0,0,0,NA
"ES","Spain","2020-01-15",0,0,0,0,0,0,0,NA
"ES","Spain","2020-01-16",0,0,0,0,0,0,0,NA
"ES","Spain","2020-01-17",0,0,0,0,0,0,0,NA
"ES","Spain","2020-01-18",0,0,0,0,0,0,0,NA
"ES","Spain","2020-01-19",0,0,0,0,0,0,0,NA
"ES","Spain","2020-01-20",0,0,0,0,0,0,0,NA
"ES","Spain","2020-01-21",0,0,0,0,0,0,0,NA
"ES","Spain","2020-01-22",0,0,0,0,0,0,0,NA
"ES","Spain","2020-01-23",0,0,0,0,0,0,0,NA
"ES","Spain","2020-01-24",0,0,0,0,0,0,0,NA
"ES","Spain","2020-01-25",0,0,0,0,0,0,0,NA
"ES","Spain","2020-01-26",0,0,0,0,0,0,0,NA
"ES","Spain","2020-01-27",0,0,0,0,0,0,0,NA
"ES","Spain","2020-01-28",0,0,0,0,0,0,0,NA
"ES","Spain","2020-01-29",0,0,0,0,0,0,0,NA
"ES","Spain","2020-01-30",0,0,0,0,0,0,0,NA
"ES","Spain","2020-01-31",0,0,0,0,0,0,0,NA
"ES","Spain","2020-02-01",0,0,0,0,0,0,0,NA
"ES","Spain","2020-02-02",4,0,0,0,0,0,0,NA
"ES","Spain","2020-02-03",0,0,0,0,0,0,0,NA
"ES","Spain","2020-02-04",0,0,0,0,0,0,0,NA
"ES","Spain","2020-02-05",0,0,0,0,0,0,0,NA
"ES","Spain","2020-02-06",0,0,0,0,0,0,0,NA
"ES","Spain","2020-02-07",0,0,0,0,0,0,0,NA
"ES","Spain","2020-02-08",0,0,0,0,0,0,0,NA
"ES","Spain","2020-02-09",0,0,0,0,0,0,0,46754783
"ES","Spain","2020-02-10",0,0,0,0,0,0,0,46754783
"ES","Spain","2020-02-11",1,0,0,0,0,0,0,46754783
"ES","Spain","2020-02-12",0,0,0,0,0,0,0,46754783
"ES","Spain","2020-02-13",0,1,0,0,0,0,0,46754783
"ES","Spain","2020-02-14",3,0,0,0,0,0,0,46754783
"ES","Spain","2020-02-15",0,0,0,0,0,0,0,46754783
"ES","Spain","2020-02-16",0,0,0,0,0,0,0,46754783
"ES","Spain","2020-02-17",0,0,0,0,0,0,0,46754783
"ES","Spain","2020-02-18",0,0,0,0,0,0,0,46754783
"ES","Spain","2020-02-19",0,0,0,0,0,0,0,46754783
"ES","Spain","2020-02-20",0,0,0,0,0,0,0,46754783
"ES","Spain","2020-02-21",0,0,0,0,0,0,0,46754783
"ES","Spain","2020-02-22",0,0,0,0,0,0,0,46754783
"ES","Spain","2020-02-23",0,0,0,0,0,0,0,46754783
"ES","Spain","2020-02-24",1,0,0,0,0,0,0,46754783
"ES","Spain","2020-02-25",2,0,0,0,0,0,0,46754783
"ES","Spain","2020-02-26",2,0,0,0,0,0,0,46754783
"ES","Spain","2020-02-27",1,0,0,0,0,0,0,46754783
"ES","Spain","2020-02-28",7,0,0,0,0,0,0,46754783
"ES","Spain","2020-02-29",19,0,0,0,0,0,0,46754783
"ES","Spain","2020-03-01",23,0,0,0,0,0,0,46754783
"ES","Spain","2020-03-02",19,0,0,0,0,0,0,46754783
"ES","Spain","2020-03-03",36,0,0,0,0,0,0,46754783
"ES","Spain","2020-03-04",70,0,0,0,0,0,0,46754783
"ES","Spain","2020-03-05",78,1,0,0,0,0,0,46754783
"ES","Spain","2020-03-06",86,2,0,0,0,0,0,46754783
"ES","Spain","2020-03-07",186,1,0,0,0,0,0,46754783
"ES","Spain","2020-03-08",271,3,0,0,0,0,0,46754783
"ES","Spain","2020-03-09",288,3,0,0,0,0,1,46754783
"ES","Spain","2020-03-10",361,14,0,0,0,0,1,46754783
"ES","Spain","2020-03-11",635,16,0,0,0,0,1,46754783
"ES","Spain","2020-03-12",1023,26,0,0,0,0,1,46754783
"ES","Spain","2020-03-13",1329,35,1,0,0,0,1,46754783
"ES","Spain","2020-03-14",1802,56,1,1,1,1,1,46754783
"ES","Spain","2020-03-15",2160,79,1,1,1,1,1,46754783
"ES","Spain","2020-03-16",2021,104,1,1,1,1,1,46754783
"ES","Spain","2020-03-17",2300,129,1,1,1,1,1,46754783
"ES","Spain","2020-03-18",3240,178,1,1,1,1,1,46754783
"ES","Spain","2020-03-19",4457,186,1,1,1,1,1,46754783
"ES","Spain","2020-03-20",4756,238,1,1,1,1,1,46754783
"ES","Spain","2020-03-21",5857,314,1,1,1,1,1,46754783
"ES","Spain","2020-03-22",6506,429,1,1,1,1,1,46754783
"ES","Spain","2020-03-23",5774,501,1,1,1,1,1,46754783
"ES","Spain","2020-03-24",5297,543,1,1,1,1,1,46754783
"ES","Spain","2020-03-25",8070,679,1,1,1,1,1,46754783
"ES","Spain","2020-03-26",9648,717,1,1,1,1,1,46754783
"ES","Spain","2020-03-27",10071,813,1,1,1,1,1,46754783
"ES","Spain","2020-03-28",10046,862,1,1,1,1,1,46754783
"ES","Spain","2020-03-29",21038,1372,1,1,1,1,1,46754783
"ES","Spain","2020-03-30",7055,838,1,1,1,1,1,46754783
"ES","Spain","2020-03-31",5043,809,1,1,1,1,1,46754783
"ES","Spain","2020-04-01",7942,909,1,1,1,1,1,46754783
"ES","Spain","2020-04-02",7877,895,1,1,1,1,1,46754783
"ES","Spain","2020-04-03",6945,891,1,1,1,1,1,46754783
"ES","Spain","2020-04-04",6843,848,1,1,1,1,1,46754783
"ES","Spain","2020-04-05",6765,782,1,1,1,1,1,46754783
"ES","Spain","2020-04-06",4650,737,1,1,1,1,1,46754783
"ES","Spain","2020-04-07",3127,748,1,1,1,1,1,46754783
"ES","Spain","2020-04-08",5350,757,1,1,1,1,1,46754783
"ES","Spain","2020-04-09",5272,735,1,1,1,1,1,46754783
"ES","Spain","2020-04-10",5382,743,1,1,1,1,1,46754783
"ES","Spain","2020-04-11",4564,666,1,1,1,1,1,46754783
"ES","Spain","2020-04-12",4363,672,1,1,1,1,1,46754783
"ES","Spain","2020-04-13",3049,626,1,1,1,1,1,46754783
"ES","Spain","2020-04-14",2344,544,1,1,1,1,1,46754783
"ES","Spain","2020-04-15",3064,587,1,1,1,1,1,46754783
"ES","Spain","2020-04-16",3951,605,1,1,1,1,1,46754783
"ES","Spain","2020-04-17",3645,552,1,1,1,1,1,46754783
"ES","Spain","2020-04-18",3368,486,1,1,1,1,1,46754783
"ES","Spain","2020-04-19",3435,503,1,1,1,1,1,46754783
"ES","Spain","2020-04-20",2161,435,1,1,1,1,1,46754783
"ES","Spain","2020-04-21",1422,400,1,1,1,1,1,46754783
"ES","Spain","2020-04-22",2477,385,1,1,1,1,1,46754783
"ES","Spain","2020-04-23",2684,427,1,1,1,1,1,46754783
"ES","Spain","2020-04-24",2728,341,1,1,1,1,1,46754783
"ES","Spain","2020-04-25",2205,331,1,1,1,1,1,46754783
"ES","Spain","2020-04-26",2253,330,1,1,1,1,1,46754783
"ES","Spain","2020-04-27",1284,295,1,1,1,1,1,46754783
"ES","Spain","2020-04-28",811,271,1,1,1,1,1,46754783
"ES","Spain","2020-04-29",1633,258,1,1,1,1,1,46754783
"ES","Spain","2020-04-30",1721,259,1,1,1,1,1,46754783
"ES","Spain","2020-05-01",1467,235,1,1,1,1,1,46754783
"ES","Spain","2020-05-02",1425,223,1,1,1,1,1,46754783
"ES","Spain","2020-05-03",784,176,1,1,1,1,1,46754783
"ES","Spain","2020-05-04",556,201,1,1,1,1,1,46754783
"ES","Spain","2020-05-05",447,196,1,1,1,1,1,46754783
"ES","Spain","2020-05-06",986,186,1,1,1,1,1,NA
"ES","Spain","2020-05-07",964,182,1,1,1,1,1,NA
"ES","Spain","2020-05-08",965,152,1,1,1,1,1,NA
"ES","Spain","2020-05-09",925,165,1,1,1,1,1,NA
"ES","Spain","2020-05-10",906,145,1,1,1,1,1,NA
"ES","Spain","2020-05-11",485,125,1,1,1,1,1,NA
"ES","Spain","2020-05-12",314,110,1,1,1,1,1,NA
"ES","Spain","2020-05-13",551,122,1,1,1,1,1,NA
"ES","Spain","2020-05-14",664,113,1,1,1,1,1,NA
"ES","Spain","2020-05-15",770,87,1,1,1,1,1,NA
"ES","Spain","2020-05-16",769,86,1,1,1,1,1,NA
"ES","Spain","2020-05-17",775,77,1,1,1,1,1,NA
"ES","Spain","2020-05-18",335,63,1,1,1,1,1,NA
"ES","Spain","2020-05-19",235,61,1,1,1,1,1,NA
"ES","Spain","2020-05-20",604,72,1,1,1,1,1,NA
"ES","Spain","2020-05-21",816,67,1,1,1,1,1,NA
"ES","Spain","2020-05-22",702,56,1,1,1,1,1,NA
"ES","Spain","2020-05-23",768,69,1,1,1,1,1,NA
"ES","Spain","2020-05-24",771,72,1,1,1,1,1,NA
"ES","Spain","2020-05-25",294,58,1,1,1,1,1,NA
"ES","Spain","2020-05-26",257,55,1,1,1,1,1,NA
"ES","Spain","2020-05-27",533,66,1,1,1,1,1,NA
"ES","Spain","2020-05-28",721,56,1,1,1,1,1,NA
"ES","Spain","2020-05-29",589,45,1,1,1,1,1,NA
"ES","Spain","2020-05-30",641,40,1,1,1,1,1,NA
"ES","Spain","2020-05-31",703,43,1,1,1,1,1,NA
"ES","Spain","2020-06-01",321,43,1,1,1,1,1,NA
"ES","Spain","2020-06-02",177,39,1,1,1,1,1,NA
"ES","Spain","2020-06-03",334,34,1,1,1,1,1,NA
"ES","Spain","2020-06-04",450,47,1,1,1,1,1,NA
"ES","Spain","2020-06-05",565,38,1,1,1,1,1,NA
"ES","Spain","2020-06-06",481,45,1,1,1,1,1,NA
"ES","Spain","2020-06-07",627,23,1,1,1,1,1,NA
"ES","Spain","2020-06-08",253,30,1,1,1,1,1,NA
"ES","Spain","2020-06-09",139,20,1,1,1,1,1,NA
"ES","Spain","2020-06-10",324,29,1,1,1,1,1,NA
"ES","Spain","2020-06-11",419,13,1,1,1,1,1,NA
"ES","Spain","2020-06-12",429,29,1,1,1,1,1,NA
"ES","Spain","2020-06-13",359,24,1,1,1,1,1,NA
"ES","Spain","2020-06-14",465,19,1,1,1,1,1,NA
"ES","Spain","2020-06-15",116,21,1,1,1,1,1,NA
"ES","Spain","2020-06-16",88,18,1,1,1,1,1,NA
"ES","Spain","2020-06-17",273,20,1,1,1,1,1,NA
"ES","Spain","2020-06-18",353,12,1,1,1,1,1,NA
"ES","Spain","2020-06-19",324,23,1,1,1,1,1,NA
"ES","Spain","2020-06-20",358,11,1,1,1,1,1,NA
"ES","Spain","2020-06-21",332,18,1,1,1,1,1,NA
"ES","Spain","2020-06-22",218,13,1,1,1,1,1,NA
"ES","Spain","2020-06-23",163,15,1,1,1,1,1,NA
"ES","Spain","2020-06-24",237,6,1,1,1,1,1,NA
"ES","Spain","2020-06-25",425,9,1,1,1,1,1,NA
"ES","Spain","2020-06-26",326,12,1,1,1,1,1,NA
"ES","Spain","2020-06-27",343,11,1,1,1,1,1,NA
"ES","Spain","2020-06-28",459,8,1,1,1,1,1,NA
"ES","Spain","2020-06-29",237,3,1,1,1,1,1,NA
"ES","Spain","2020-06-30",180,11,1,1,1,1,1,NA
"SE","Sweden","2020-01-03",0,0,0,0,0,0,0,NA
"SE","Sweden","2020-01-04",0,0,0,0,0,0,0,NA
"SE","Sweden","2020-01-05",0,0,0,0,0,0,0,NA
"SE","Sweden","2020-01-06",0,0,0,0,0,0,0,NA
"SE","Sweden","2020-01-07",0,0,0,0,0,0,0,NA
"SE","Sweden","2020-01-08",0,0,0,0,0,0,0,NA
"SE","Sweden","2020-01-09",0,0,0,0,0,0,0,NA
"SE","Sweden","2020-01-10",0,0,0,0,0,0,0,NA
"SE","Sweden","2020-01-11",0,0,0,0,0,0,0,NA
"SE","Sweden","2020-01-12",0,0,0,0,0,0,0,NA
"SE","Sweden","2020-01-13",0,0,0,0,0,0,0,NA
"SE","Sweden","2020-01-14",0,0,0,0,0,0,0,NA
"SE","Sweden","2020-01-15",0,0,0,0,0,0,0,NA
"SE","Sweden","2020-01-16",0,0,0,0,0,0,0,NA
"SE","Sweden","2020-01-17",0,0,0,0,0,0,0,NA
"SE","Sweden","2020-01-18",0,0,0,0,0,0,0,NA
"SE","Sweden","2020-01-19",0,0,0,0,0,0,0,NA
"SE","Sweden","2020-01-20",0,0,0,0,0,0,0,NA
"SE","Sweden","2020-01-21",0,0,0,0,0,0,0,NA
"SE","Sweden","2020-01-22",0,0,0,0,0,0,0,NA
"SE","Sweden","2020-01-23",0,0,0,0,0,0,0,NA
"SE","Sweden","2020-01-24",0,0,0,0,0,0,0,NA
"SE","Sweden","2020-01-25",0,0,0,0,0,0,0,NA
"SE","Sweden","2020-01-26",0,0,0,0,0,0,0,NA
"SE","Sweden","2020-01-27",0,0,0,0,0,0,0,NA
"SE","Sweden","2020-01-28",0,0,0,0,0,0,0,NA
"SE","Sweden","2020-01-29",0,0,0,0,0,0,0,NA
"SE","Sweden","2020-01-30",0,0,0,0,0,0,0,NA
"SE","Sweden","2020-01-31",0,0,0,0,0,0,0,NA
"SE","Sweden","2020-02-01",1,0,0,0,0,0,0,NA
"SE","Sweden","2020-02-02",0,0,0,0,0,0,0,NA
"SE","Sweden","2020-02-03",0,0,0,0,0,0,0,NA
"SE","Sweden","2020-02-04",0,0,0,0,0,0,0,NA
"SE","Sweden","2020-02-05",0,0,0,0,0,0,0,NA
"SE","Sweden","2020-02-06",0,0,0,0,0,0,0,NA
"SE","Sweden","2020-02-07",0,0,0,0,0,0,0,NA
"SE","Sweden","2020-02-08",0,0,0,0,0,0,0,NA
"SE","Sweden","2020-02-09",0,0,0,0,0,0,0,NA
"SE","Sweden","2020-02-10",0,0,0,0,0,0,0,NA
"SE","Sweden","2020-02-11",0,0,0,0,0,0,0,NA
"SE","Sweden","2020-02-12",0,0,0,0,0,0,0,NA
"SE","Sweden","2020-02-13",0,0,0,0,0,0,0,NA
"SE","Sweden","2020-02-14",0,0,0,0,0,0,0,NA
"SE","Sweden","2020-02-15",0,0,0,0,0,0,0,NA
"SE","Sweden","2020-02-16",0,0,0,0,0,0,0,NA
"SE","Sweden","2020-02-17",0,0,0,0,0,0,0,NA
"SE","Sweden","2020-02-18",0,0,0,0,0,0,0,10099270
"SE","Sweden","2020-02-19",0,0,0,0,0,0,0,10099270
"SE","Sweden","2020-02-20",0,0,0,0,0,0,0,10099270
"SE","Sweden","2020-02-21",0,0,0,0,0,0,0,10099270
"SE","Sweden","2020-02-22",0,0,0,0,0,0,0,10099270
"SE","Sweden","2020-02-23",0,0,0,0,0,0,0,10099270
"SE","Sweden","2020-02-24",0,0,0,0,0,0,0,10099270
"SE","Sweden","2020-02-25",0,0,0,0,0,0,0,10099270
"SE","Sweden","2020-02-26",0,0,0,0,0,0,0,10099270
"SE","Sweden","2020-02-27",0,0,0,0,0,0,0,10099270
"SE","Sweden","2020-02-28",1,0,0,0,0,0,0,10099270
"SE","Sweden","2020-02-29",1,0,0,0,0,0,0,10099270
"SE","Sweden","2020-03-01",8,0,0,0,0,0,0,10099270
"SE","Sweden","2020-03-02",3,0,0,0,0,0,0,10099270
"SE","Sweden","2020-03-03",0,0,0,0,0,0,0,10099270
"SE","Sweden","2020-03-04",5,0,0,0,0,0,0,10099270
"SE","Sweden","2020-03-05",13,0,0,0,0,0,0,10099270
"SE","Sweden","2020-03-06",30,0,0,0,0,0,0,10099270
"SE","Sweden","2020-03-07",25,0,0,0,0,0,0,10099270
"SE","Sweden","2020-03-08",59,0,0,0,0,0,0,10099270
"SE","Sweden","2020-03-09",33,0,0,0,0,0,0,10099270
"SE","Sweden","2020-03-10",46,0,0,1,0,0,0,10099270
"SE","Sweden","2020-03-11",101,0,0,1,0,0,0,10099270
"SE","Sweden","2020-03-12",98,1,0,1,0,0,0,10099270
"SE","Sweden","2020-03-13",196,1,0,1,0,0,0,10099270
"SE","Sweden","2020-03-14",151,0,0,1,0,0,0,10099270
"SE","Sweden","2020-03-15",152,1,0,1,0,0,0,10099270
"SE","Sweden","2020-03-16",71,1,0,1,0,0,1,10099270
"SE","Sweden","2020-03-17",69,2,0,1,0,0,1,10099270
"SE","Sweden","2020-03-18",83,2,0,1,0,0,1,10099270
"SE","Sweden","2020-03-19",119,1,0,1,0,0,1,10099270
"SE","Sweden","2020-03-20",145,6,0,1,0,0,1,10099270
"SE","Sweden","2020-03-21",143,7,0,1,0,0,1,10099270
"SE","Sweden","2020-03-22",180,9,0,1,0,0,1,10099270
"SE","Sweden","2020-03-23",136,8,0,1,0,0,1,10099270
"SE","Sweden","2020-03-24",118,11,0,1,0,0,1,10099270
"SE","Sweden","2020-03-25",182,11,0,1,0,0,1,10099270
"SE","Sweden","2020-03-26",230,21,0,1,0,0,1,10099270
"SE","Sweden","2020-03-27",314,22,0,1,0,0,1,10099270
"SE","Sweden","2020-03-28",286,31,0,1,0,0,1,10099270
"SE","Sweden","2020-03-29",365,32,0,1,1,0,1,10099270
"SE","Sweden","2020-03-30",300,35,0,1,1,0,1,10099270
"SE","Sweden","2020-03-31",280,38,0,1,1,0,1,10099270
"SE","Sweden","2020-04-01",416,45,0,1,1,0,1,10099270
"SE","Sweden","2020-04-02",475,48,0,1,1,0,1,10099270
"SE","Sweden","2020-04-03",486,53,0,1,1,0,1,10099270
"SE","Sweden","2020-04-04",554,70,0,1,1,0,1,10099270
"SE","Sweden","2020-04-05",601,80,0,1,1,0,1,10099270
"SE","Sweden","2020-04-06",357,70,0,1,1,0,1,10099270
"SE","Sweden","2020-04-07",340,85,0,1,1,0,1,10099270
"SE","Sweden","2020-04-08",390,90,0,1,1,0,1,10099270
"SE","Sweden","2020-04-09",738,84,0,1,1,0,1,10099270
"SE","Sweden","2020-04-10",654,138,0,1,1,0,1,10099270
"SE","Sweden","2020-04-11",645,86,0,1,1,0,1,10099270
"SE","Sweden","2020-04-12",454,90,0,1,1,0,1,10099270
"SE","Sweden","2020-04-13",395,102,0,1,1,0,1,10099270
"SE","Sweden","2020-04-14",464,97,0,1,1,0,1,10099270
"SE","Sweden","2020-04-15",437,84,0,1,1,0,1,10099270
"SE","Sweden","2020-04-16",479,92,0,1,1,0,1,10099270
"SE","Sweden","2020-04-17",604,115,0,1,1,0,1,10099270
"SE","Sweden","2020-04-18",623,111,0,1,1,0,1,10099270
"SE","Sweden","2020-04-19",688,83,0,1,1,0,1,10099270
"SE","Sweden","2020-04-20",532,86,0,1,1,0,1,10099270
"SE","Sweden","2020-04-21",388,87,0,1,1,0,1,10099270
"SE","Sweden","2020-04-22",461,85,0,1,1,0,1,10099270
"SE","Sweden","2020-04-23",707,62,0,1,1,0,1,10099270
"SE","Sweden","2020-04-24",722,77,0,1,1,0,1,10099270
"SE","Sweden","2020-04-25",758,86,0,1,1,0,1,10099270
"SE","Sweden","2020-04-26",780,89,0,1,1,0,1,10099270
"SE","Sweden","2020-04-27",473,73,0,1,1,0,1,10099270
"SE","Sweden","2020-04-28",300,74,0,1,1,0,1,10099270
"SE","Sweden","2020-04-29",563,74,0,1,1,0,1,10099270
"SE","Sweden","2020-04-30",742,83,0,1,1,0,1,10099270
"SE","Sweden","2020-05-01",799,83,0,1,1,0,1,10099270
"SE","Sweden","2020-05-02",636,78,0,1,1,0,1,10099270
"SE","Sweden","2020-05-03",532,78,0,1,1,0,1,10099270
"SE","Sweden","2020-05-04",299,73,0,1,1,0,1,10099270
"SE","Sweden","2020-05-05",261,75,0,1,1,0,1,10099270
"SE","Sweden","2020-05-06",477,84,0,1,1,0,1,NA
"SE","Sweden","2020-05-07",657,72,0,1,1,0,1,NA
"SE","Sweden","2020-05-08",745,73,0,1,1,0,1,NA
"SE","Sweden","2020-05-09",784,80,0,1,1,0,1,NA
"SE","Sweden","2020-05-10",701,60,0,1,1,0,1,NA
"SE","Sweden","2020-05-11",509,68,0,1,1,0,1,NA
"SE","Sweden","2020-05-12",279,73,0,1,1,0,1,NA
"SE","Sweden","2020-05-13",455,65,0,1,1,0,1,NA
"SE","Sweden","2020-05-14",754,61,0,1,1,0,1,NA
"SE","Sweden","2020-05-15",698,50,0,1,1,0,1,NA
"SE","Sweden","2020-05-16",657,46,0,1,1,0,1,NA
"SE","Sweden","2020-05-17",688,58,0,1,1,0,1,NA
"SE","Sweden","2020-05-18",358,48,0,1,1,0,1,NA
"SE","Sweden","2020-05-19",259,53,0,1,1,0,1,NA
"SE","Sweden","2020-05-20",430,59,0,1,1,0,1,NA
"SE","Sweden","2020-05-21",667,41,0,1,1,0,1,NA
"SE","Sweden","2020-05-22",808,52,0,1,1,0,1,NA
"SE","Sweden","2020-05-23",610,53,0,1,1,0,1,NA
"SE","Sweden","2020-05-24",532,56,0,1,1,0,1,NA
"SE","Sweden","2020-05-25",403,55,0,1,1,0,1,NA
"SE","Sweden","2020-05-26",210,44,0,1,1,0,1,NA
"SE","Sweden","2020-05-27",491,42,0,1,1,0,1,NA
"SE","Sweden","2020-05-28",746,28,0,1,1,0,1,NA
"SE","Sweden","2020-05-29",800,38,0,1,1,0,1,NA
"SE","Sweden","2020-05-30",774,40,0,1,1,0,1,NA
"SE","Sweden","2020-05-31",773,41,0,1,1,0,1,NA
"SE","Sweden","2020-06-01",432,39,0,1,1,0,1,NA
"SE","Sweden","2020-06-02",265,46,0,1,1,0,1,NA
"SE","Sweden","2020-06-03",648,39,0,1,1,0,1,NA
"SE","Sweden","2020-06-04",900,36,0,1,1,0,1,NA
"SE","Sweden","2020-06-05",1046,28,0,1,1,0,1,NA
"SE","Sweden","2020-06-06",1039,43,0,1,1,0,1,NA
"SE","Sweden","2020-06-07",1146,37,0,1,1,0,1,NA
"SE","Sweden","2020-06-08",780,29,0,1,1,0,1,NA
"SE","Sweden","2020-06-09",462,33,0,1,1,0,1,NA
"SE","Sweden","2020-06-10",677,38,0,1,1,0,1,NA
"SE","Sweden","2020-06-11",937,33,0,1,1,0,1,NA
"SE","Sweden","2020-06-12",1437,40,0,1,1,0,1,NA
"SE","Sweden","2020-06-13",1293,35,0,1,1,0,1,NA
"SE","Sweden","2020-06-14",1329,29,0,1,1,0,1,NA
"SE","Sweden","2020-06-15",1032,33,0,1,1,0,1,NA
"SE","Sweden","2020-06-16",418,27,0,1,1,0,1,NA
"SE","Sweden","2020-06-17",685,30,0,1,1,0,1,NA
"SE","Sweden","2020-06-18",1209,28,0,1,1,0,1,NA
"SE","Sweden","2020-06-19",1457,32,0,1,1,0,1,NA
"SE","Sweden","2020-06-20",1494,29,0,1,1,0,1,NA
"SE","Sweden","2020-06-21",1209,30,0,1,1,0,1,NA
"SE","Sweden","2020-06-22",698,29,0,1,1,0,1,NA
"SE","Sweden","2020-06-23",321,22,0,1,1,0,1,NA
"SE","Sweden","2020-06-24",800,20,0,1,1,0,1,NA
"SE","Sweden","2020-06-25",1309,25,0,1,1,0,1,NA
"SE","Sweden","2020-06-26",1698,22,0,1,1,0,1,NA
"SE","Sweden","2020-06-27",1279,23,0,1,1,0,1,NA
"SE","Sweden","2020-06-28",1204,11,0,1,1,0,1,NA
"SE","Sweden","2020-06-29",755,14,0,1,1,0,1,NA
"SE","Sweden","2020-06-30",415,23,0,1,1,0,1,NA
"CH","Switzerland","2020-01-03",0,0,0,0,0,0,0,NA
"CH","Switzerland","2020-01-04",0,0,0,0,0,0,0,NA
"CH","Switzerland","2020-01-05",0,0,0,0,0,0,0,NA
"CH","Switzerland","2020-01-06",0,0,0,0,0,0,0,NA
"CH","Switzerland","2020-01-07",0,0,0,0,0,0,0,NA
"CH","Switzerland","2020-01-08",0,0,0,0,0,0,0,NA
"CH","Switzerland","2020-01-09",0,0,0,0,0,0,0,NA
"CH","Switzerland","2020-01-10",0,0,0,0,0,0,0,NA
"CH","Switzerland","2020-01-11",0,0,0,0,0,0,0,NA
"CH","Switzerland","2020-01-12",0,0,0,0,0,0,0,NA
"CH","Switzerland","2020-01-13",0,0,0,0,0,0,0,NA
"CH","Switzerland","2020-01-14",0,0,0,0,0,0,0,NA
"CH","Switzerland","2020-01-15",0,0,0,0,0,0,0,NA
"CH","Switzerland","2020-01-16",0,0,0,0,0,0,0,NA
"CH","Switzerland","2020-01-17",0,0,0,0,0,0,0,NA
"CH","Switzerland","2020-01-18",0,0,0,0,0,0,0,NA
"CH","Switzerland","2020-01-19",0,0,0,0,0,0,0,NA
"CH","Switzerland","2020-01-20",0,0,0,0,0,0,0,NA
"CH","Switzerland","2020-01-21",0,0,0,0,0,0,0,NA
"CH","Switzerland","2020-01-22",0,0,0,0,0,0,0,NA
"CH","Switzerland","2020-01-23",0,0,0,0,0,0,0,NA
"CH","Switzerland","2020-01-24",0,0,0,0,0,0,0,NA
"CH","Switzerland","2020-01-25",0,0,0,0,0,0,0,NA
"CH","Switzerland","2020-01-26",0,0,0,0,0,0,0,NA
"CH","Switzerland","2020-01-27",0,0,0,0,0,0,0,NA
"CH","Switzerland","2020-01-28",0,0,0,0,0,0,0,NA
"CH","Switzerland","2020-01-29",0,0,0,0,0,0,0,NA
"CH","Switzerland","2020-01-30",0,0,0,0,0,0,0,NA
"CH","Switzerland","2020-01-31",0,0,0,0,0,0,0,NA
"CH","Switzerland","2020-02-01",0,0,0,0,0,0,0,NA
"CH","Switzerland","2020-02-02",0,0,0,0,0,0,0,NA
"CH","Switzerland","2020-02-03",0,0,0,0,0,0,0,NA
"CH","Switzerland","2020-02-04",0,0,0,0,0,0,0,NA
"CH","Switzerland","2020-02-05",0,0,0,0,0,0,0,NA
"CH","Switzerland","2020-02-06",0,0,0,0,0,0,0,NA
"CH","Switzerland","2020-02-07",0,0,0,0,0,0,0,NA
"CH","Switzerland","2020-02-08",0,0,0,0,0,0,0,NA
"CH","Switzerland","2020-02-09",0,0,0,0,0,0,0,NA
"CH","Switzerland","2020-02-10",0,0,0,0,0,0,0,NA
"CH","Switzerland","2020-02-11",0,0,0,0,0,0,0,NA
"CH","Switzerland","2020-02-12",0,0,0,0,0,0,0,NA
"CH","Switzerland","2020-02-13",0,0,0,0,0,0,0,NA
"CH","Switzerland","2020-02-14",0,0,0,0,0,0,0,8654618
"CH","Switzerland","2020-02-15",0,0,0,0,0,0,0,8654618
"CH","Switzerland","2020-02-16",0,0,0,0,0,0,0,8654618
"CH","Switzerland","2020-02-17",0,0,0,0,0,0,0,8654618
"CH","Switzerland","2020-02-18",0,0,0,0,0,0,0,8654618
"CH","Switzerland","2020-02-19",0,0,0,0,0,0,0,8654618
"CH","Switzerland","2020-02-20",0,0,0,0,0,0,0,8654618
"CH","Switzerland","2020-02-21",0,0,0,0,0,0,0,8654618
"CH","Switzerland","2020-02-22",0,0,0,0,0,0,0,8654618
"CH","Switzerland","2020-02-23",0,0,0,0,0,0,0,8654618
"CH","Switzerland","2020-02-24",1,0,0,0,0,0,0,8654618
"CH","Switzerland","2020-02-25",2,0,0,0,0,0,0,8654618
"CH","Switzerland","2020-02-26",6,0,0,0,0,0,0,8654618
"CH","Switzerland","2020-02-27",5,0,0,0,0,0,0,8654618
"CH","Switzerland","2020-02-28",16,0,0,0,0,0,0,8654618
"CH","Switzerland","2020-02-29",14,0,0,0,0,0,0,8654618
"CH","Switzerland","2020-03-01",12,0,0,0,0,0,0,8654618
"CH","Switzerland","2020-03-02",20,0,0,1,0,0,0,8654618
"CH","Switzerland","2020-03-03",26,0,0,1,0,0,0,8654618
"CH","Switzerland","2020-03-04",39,0,0,1,0,0,0,8654618
"CH","Switzerland","2020-03-05",58,2,0,1,0,0,0,8654618
"CH","Switzerland","2020-03-06",64,0,0,1,0,0,0,8654618
"CH","Switzerland","2020-03-07",58,0,0,1,0,0,0,8654618
"CH","Switzerland","2020-03-08",62,1,0,1,0,0,0,8654618
"CH","Switzerland","2020-03-09",65,0,0,1,0,0,0,8654618
"CH","Switzerland","2020-03-10",127,2,0,1,0,0,0,8654618
"CH","Switzerland","2020-03-11",203,3,0,1,0,0,0,8654618
"CH","Switzerland","2020-03-12",281,4,0,1,0,0,0,8654618
"CH","Switzerland","2020-03-13",308,3,0,1,1,0,0,8654618
"CH","Switzerland","2020-03-14",196,5,1,1,1,0,0,8654618
"CH","Switzerland","2020-03-15",532,8,1,1,1,0,0,8654618
"CH","Switzerland","2020-03-16",362,7,1,1,1,0,1,8654618
"CH","Switzerland","2020-03-17",630,12,1,1,1,0,1,8654618
"CH","Switzerland","2020-03-18",802,8,1,1,1,0,1,8654618
"CH","Switzerland","2020-03-19",1202,13,1,1,1,0,1,8654618
"CH","Switzerland","2020-03-20",1055,21,1,1,1,1,1,8654618
"CH","Switzerland","2020-03-21",953,19,1,1,1,1,1,8654618
"CH","Switzerland","2020-03-22",925,18,1,1,1,1,1,8654618
"CH","Switzerland","2020-03-23",602,23,1,1,1,1,1,8654618
"CH","Switzerland","2020-03-24",1261,19,1,1,1,1,1,8654618
"CH","Switzerland","2020-03-25",852,39,1,1,1,1,1,8654618
"CH","Switzerland","2020-03-26",1469,38,1,1,1,1,1,8654618
"CH","Switzerland","2020-03-27",1147,31,1,1,1,1,1,8654618
"CH","Switzerland","2020-03-28",994,57,1,1,1,1,1,8654618
"CH","Switzerland","2020-03-29",1097,45,1,1,1,1,1,8654618
"CH","Switzerland","2020-03-30",734,58,1,1,1,1,1,8654618
"CH","Switzerland","2020-03-31",931,44,1,1,1,1,1,8654618
"CH","Switzerland","2020-04-01",1107,57,1,1,1,1,1,8654618
"CH","Switzerland","2020-04-02",1043,60,1,1,1,1,1,8654618
"CH","Switzerland","2020-04-03",959,54,1,1,1,1,1,8654618
"CH","Switzerland","2020-04-04",742,54,1,1,1,1,1,8654618
"CH","Switzerland","2020-04-05",656,49,1,1,1,1,1,8654618
"CH","Switzerland","2020-04-06",541,50,1,1,1,1,1,8654618
"CH","Switzerland","2020-04-07",586,53,1,1,1,1,1,8654618
"CH","Switzerland","2020-04-08",811,57,1,1,1,1,1,8654618
"CH","Switzerland","2020-04-09",703,44,1,1,1,1,1,8654618
"CH","Switzerland","2020-04-10",562,49,1,1,1,1,1,8654618
"CH","Switzerland","2020-04-11",394,44,1,1,1,1,1,8654618
"CH","Switzerland","2020-04-12",331,35,1,1,1,1,1,8654618
"CH","Switzerland","2020-04-13",260,34,1,1,1,1,1,8654618
"CH","Switzerland","2020-04-14",517,37,1,1,1,1,1,8654618
"CH","Switzerland","2020-04-15",322,37,1,1,1,1,1,8654618
"CH","Switzerland","2020-04-16",342,38,1,1,1,1,1,8654618
"CH","Switzerland","2020-04-17",325,36,1,1,1,1,1,8654618
"CH","Switzerland","2020-04-18",336,30,1,1,1,1,1,8654618
"CH","Switzerland","2020-04-19",200,20,1,1,1,1,1,8654618
"CH","Switzerland","2020-04-20",118,37,1,1,1,1,1,8654618
"CH","Switzerland","2020-04-21",209,33,1,1,1,1,1,8654618
"CH","Switzerland","2020-04-22",222,26,1,1,1,1,1,8654618
"CH","Switzerland","2020-04-23",190,29,1,1,1,1,1,8654618
"CH","Switzerland","2020-04-24",204,23,1,1,1,1,1,8654618
"CH","Switzerland","2020-04-25",167,24,1,1,1,1,1,8654618
"CH","Switzerland","2020-04-26",99,13,1,1,1,1,1,8654618
"CH","Switzerland","2020-04-27",102,22,1,1,1,1,1,8654618
"CH","Switzerland","2020-04-28",140,11,1,1,1,1,1,8654618
"CH","Switzerland","2020-04-29",147,10,1,1,1,1,1,8654618
"CH","Switzerland","2020-04-30",141,13,1,1,1,1,1,8654618
"CH","Switzerland","2020-05-01",112,12,1,1,1,1,1,8654618
"CH","Switzerland","2020-05-02",87,9,1,1,1,1,1,8654618
"CH","Switzerland","2020-05-03",66,8,1,1,1,1,1,8654618
"CH","Switzerland","2020-05-04",33,9,1,1,1,1,1,8654618
"CH","Switzerland","2020-05-05",68,8,1,1,1,1,1,8654618
"CH","Switzerland","2020-05-06",67,4,1,1,1,1,1,NA
"CH","Switzerland","2020-05-07",77,11,1,1,1,1,1,NA
"CH","Switzerland","2020-05-08",52,7,1,1,1,1,1,NA
"CH","Switzerland","2020-05-09",49,5,1,1,1,1,1,NA
"CH","Switzerland","2020-05-10",43,7,1,1,1,1,1,NA
"CH","Switzerland","2020-05-11",38,3,1,1,1,1,1,NA
"CH","Switzerland","2020-05-12",40,1,1,1,1,1,1,NA
"CH","Switzerland","2020-05-13",51,1,1,1,1,1,1,NA
"CH","Switzerland","2020-05-14",41,2,1,1,1,1,1,NA
"CH","Switzerland","2020-05-15",41,5,1,1,1,1,1,NA
"CH","Switzerland","2020-05-16",26,1,1,1,1,1,1,NA
"CH","Switzerland","2020-05-17",22,4,1,1,1,1,1,NA
"CH","Switzerland","2020-05-18",21,3,1,1,1,1,1,NA
"CH","Switzerland","2020-05-19",39,4,1,1,1,1,1,NA
"CH","Switzerland","2020-05-20",33,0,1,1,1,1,1,NA
"CH","Switzerland","2020-05-21",18,5,1,1,1,1,1,NA
"CH","Switzerland","2020-05-22",23,1,1,1,1,1,1,NA
"CH","Switzerland","2020-05-23",10,1,1,1,1,1,1,NA
"CH","Switzerland","2020-05-24",10,0,1,1,1,1,1,NA
"CH","Switzerland","2020-05-25",16,2,1,1,1,1,1,NA
"CH","Switzerland","2020-05-26",14,2,1,1,1,1,1,NA
"CH","Switzerland","2020-05-27",19,0,1,1,1,1,1,NA
"CH","Switzerland","2020-05-28",31,0,1,1,1,1,1,NA
"CH","Switzerland","2020-05-29",33,0,1,1,1,1,1,NA
"CH","Switzerland","2020-05-30",16,0,1,1,1,1,1,NA
"CH","Switzerland","2020-05-31",6,0,1,1,1,1,1,NA
"CH","Switzerland","2020-06-01",6,0,1,1,1,1,1,NA
"CH","Switzerland","2020-06-02",6,0,1,1,1,1,1,NA
"CH","Switzerland","2020-06-03",21,0,1,1,1,1,1,NA
"CH","Switzerland","2020-06-04",28,0,1,1,1,1,1,NA
"CH","Switzerland","2020-06-05",14,0,1,1,1,1,1,NA
"CH","Switzerland","2020-06-06",16,1,1,1,1,1,1,NA
"CH","Switzerland","2020-06-07",5,0,1,1,1,1,1,NA
"CH","Switzerland","2020-06-08",13,1,1,1,1,1,1,NA
"CH","Switzerland","2020-06-09",43,0,1,1,1,1,1,NA
"CH","Switzerland","2020-06-10",9,1,1,1,1,1,1,NA
"CH","Switzerland","2020-06-11",28,0,1,1,1,1,1,NA
"CH","Switzerland","2020-06-12",25,0,1,1,1,1,1,NA
"CH","Switzerland","2020-06-13",30,1,1,1,1,1,1,NA
"CH","Switzerland","2020-06-14",15,0,1,1,1,1,1,NA
"CH","Switzerland","2020-06-15",10,0,1,1,1,1,1,NA
"CH","Switzerland","2020-06-16",33,1,1,1,1,1,1,NA
"CH","Switzerland","2020-06-17",25,0,1,1,1,1,1,NA
"CH","Switzerland","2020-06-18",16,0,1,1,1,1,1,NA
"CH","Switzerland","2020-06-19",24,0,1,1,1,1,1,NA
"CH","Switzerland","2020-06-20",48,0,1,1,1,1,1,NA
"CH","Switzerland","2020-06-21",22,0,1,1,1,1,1,NA
"CH","Switzerland","2020-06-22",20,0,1,1,1,1,1,NA
"CH","Switzerland","2020-06-23",3,0,1,1,1,1,1,NA
"CH","Switzerland","2020-06-24",44,2,1,1,1,1,1,NA
"CH","Switzerland","2020-06-25",0,0,1,1,1,1,1,NA
"CH","Switzerland","2020-06-26",52,0,1,1,1,1,1,NA
"CH","Switzerland","2020-06-27",58,0,1,1,1,1,1,NA
"CH","Switzerland","2020-06-28",69,0,1,1,1,1,1,NA
"CH","Switzerland","2020-06-29",62,0,1,1,1,1,1,NA
"CH","Switzerland","2020-06-30",35,0,1,1,1,1,1,NA
"GB","United_Kingdom","2020-01-03",0,0,0,0,0,0,0,NA
"GB","United_Kingdom","2020-01-04",0,0,0,0,0,0,0,NA
"GB","United_Kingdom","2020-01-05",0,0,0,0,0,0,0,NA
"GB","United_Kingdom","2020-01-06",0,0,0,0,0,0,0,NA
"GB","United_Kingdom","2020-01-07",0,0,0,0,0,0,0,NA
"GB","United_Kingdom","2020-01-08",0,0,0,0,0,0,0,NA
"GB","United_Kingdom","2020-01-09",0,0,0,0,0,0,0,NA
"GB","United_Kingdom","2020-01-10",0,0,0,0,0,0,0,NA
"GB","United_Kingdom","2020-01-11",0,0,0,0,0,0,0,NA
"GB","United_Kingdom","2020-01-12",0,0,0,0,0,0,0,NA
"GB","United_Kingdom","2020-01-13",0,0,0,0,0,0,0,NA
"GB","United_Kingdom","2020-01-14",0,0,0,0,0,0,0,NA
"GB","United_Kingdom","2020-01-15",0,0,0,0,0,0,0,NA
"GB","United_Kingdom","2020-01-16",0,0,0,0,0,0,0,NA
"GB","United_Kingdom","2020-01-17",0,0,0,0,0,0,0,NA
"GB","United_Kingdom","2020-01-18",0,0,0,0,0,0,0,NA
"GB","United_Kingdom","2020-01-19",0,0,0,0,0,0,0,NA
"GB","United_Kingdom","2020-01-20",0,0,0,0,0,0,0,NA
"GB","United_Kingdom","2020-01-21",0,0,0,0,0,0,0,NA
"GB","United_Kingdom","2020-01-22",0,0,0,0,0,0,0,NA
"GB","United_Kingdom","2020-01-23",0,0,0,0,0,0,0,NA
"GB","United_Kingdom","2020-01-24",0,0,0,0,0,0,0,NA
"GB","United_Kingdom","2020-01-25",0,0,0,0,0,0,0,NA
"GB","United_Kingdom","2020-01-26",0,0,0,0,0,0,0,NA
"GB","United_Kingdom","2020-01-27",0,0,0,0,0,0,0,NA
"GB","United_Kingdom","2020-01-28",0,0,0,0,0,0,0,NA
"GB","United_Kingdom","2020-01-29",0,0,0,0,0,0,0,NA
"GB","United_Kingdom","2020-01-30",0,0,0,0,0,0,0,NA
"GB","United_Kingdom","2020-01-31",0,0,0,0,0,0,0,NA
"GB","United_Kingdom","2020-02-01",2,0,0,0,0,0,0,NA
"GB","United_Kingdom","2020-02-02",0,0,0,0,0,0,0,NA
"GB","United_Kingdom","2020-02-03",0,0,0,0,0,0,0,NA
"GB","United_Kingdom","2020-02-04",0,0,0,0,0,0,0,NA
"GB","United_Kingdom","2020-02-05",1,0,0,0,0,0,0,NA
"GB","United_Kingdom","2020-02-06",0,0,0,0,0,0,0,NA
"GB","United_Kingdom","2020-02-07",1,0,0,0,0,0,0,NA
"GB","United_Kingdom","2020-02-08",0,0,0,0,0,0,0,NA
"GB","United_Kingdom","2020-02-09",0,0,0,0,0,0,0,NA
"GB","United_Kingdom","2020-02-10",4,0,0,0,0,0,0,NA
"GB","United_Kingdom","2020-02-11",1,0,0,0,0,0,0,NA
"GB","United_Kingdom","2020-02-12",0,0,0,0,0,0,0,NA
"GB","United_Kingdom","2020-02-13",1,0,0,0,0,0,0,67886004
"GB","United_Kingdom","2020-02-14",0,0,0,0,0,0,0,67886004
"GB","United_Kingdom","2020-02-15",0,0,0,0,0,0,0,67886004
"GB","United_Kingdom","2020-02-16",0,0,0,0,0,0,0,67886004
"GB","United_Kingdom","2020-02-17",0,0,0,0,0,0,0,67886004
"GB","United_Kingdom","2020-02-18",0,0,0,0,0,0,0,67886004
"GB","United_Kingdom","2020-02-19",0,0,0,0,0,0,0,67886004
"GB","United_Kingdom","2020-02-20",0,0,0,0,0,0,0,67886004
"GB","United_Kingdom","2020-02-21",0,0,0,0,0,0,0,67886004
"GB","United_Kingdom","2020-02-22",0,0,0,0,0,0,0,67886004
"GB","United_Kingdom","2020-02-23",1,0,0,0,0,0,0,67886004
"GB","United_Kingdom","2020-02-24",0,0,0,0,0,0,0,67886004
"GB","United_Kingdom","2020-02-25",0,0,0,0,0,0,0,67886004
"GB","United_Kingdom","2020-02-26",2,0,0,0,0,0,0,67886004
"GB","United_Kingdom","2020-02-27",5,0,0,0,0,0,0,67886004
"GB","United_Kingdom","2020-02-28",4,0,0,0,0,0,0,67886004
"GB","United_Kingdom","2020-02-29",8,0,0,0,0,0,0,67886004
"GB","United_Kingdom","2020-03-01",12,0,0,0,0,0,0,67886004
"GB","United_Kingdom","2020-03-02",5,0,0,0,0,0,0,67886004
"GB","United_Kingdom","2020-03-03",22,0,0,0,0,0,0,67886004
"GB","United_Kingdom","2020-03-04",40,0,0,0,0,0,0,67886004
"GB","United_Kingdom","2020-03-05",55,0,0,0,0,0,0,67886004
"GB","United_Kingdom","2020-03-06",56,0,0,0,0,0,0,67886004
"GB","United_Kingdom","2020-03-07",51,1,0,0,0,0,0,67886004
"GB","United_Kingdom","2020-03-08",81,1,0,0,0,0,0,67886004
"GB","United_Kingdom","2020-03-09",60,0,0,0,0,0,0,67886004
"GB","United_Kingdom","2020-03-10",57,1,0,0,0,0,0,67886004
"GB","United_Kingdom","2020-03-11",148,4,0,0,0,0,0,67886004
"GB","United_Kingdom","2020-03-12",259,0,0,1,0,0,0,67886004
"GB","United_Kingdom","2020-03-13",406,2,0,1,0,0,0,67886004
"GB","United_Kingdom","2020-03-14",484,1,0,1,0,0,0,67886004
"GB","United_Kingdom","2020-03-15",478,19,0,1,0,0,0,67886004
"GB","United_Kingdom","2020-03-16",361,14,0,1,0,0,1,67886004
"GB","United_Kingdom","2020-03-17",442,22,0,1,0,0,1,67886004
"GB","United_Kingdom","2020-03-18",611,17,0,1,0,0,1,67886004
"GB","United_Kingdom","2020-03-19",769,34,0,1,0,0,1,67886004
"GB","United_Kingdom","2020-03-20",999,46,0,1,0,0,1,67886004
"GB","United_Kingdom","2020-03-21",1055,32,1,1,0,0,1,67886004
"GB","United_Kingdom","2020-03-22",1255,58,1,1,0,0,1,67886004
"GB","United_Kingdom","2020-03-23",1198,36,1,1,0,0,1,67886004
"GB","United_Kingdom","2020-03-24",1378,76,1,1,1,1,1,67886004
"GB","United_Kingdom","2020-03-25",2338,148,1,1,1,1,1,67886004
"GB","United_Kingdom","2020-03-26",2375,191,1,1,1,1,1,67886004
"GB","United_Kingdom","2020-03-27",2692,181,1,1,1,1,1,67886004
"GB","United_Kingdom","2020-03-28",3087,288,1,1,1,1,1,67886004
"GB","United_Kingdom","2020-03-29",3197,292,1,1,1,1,1,67886004
"GB","United_Kingdom","2020-03-30",2822,212,1,1,1,1,1,67886004
"GB","United_Kingdom","2020-03-31",2858,374,1,1,1,1,1,67886004
"GB","United_Kingdom","2020-04-01",4273,403,1,1,1,1,1,67886004
"GB","United_Kingdom","2020-04-02",4514,672,1,1,1,1,1,67886004
"GB","United_Kingdom","2020-04-03",4913,657,1,1,1,1,1,67886004
"GB","United_Kingdom","2020-04-04",4868,736,1,1,1,1,1,67886004
"GB","United_Kingdom","2020-04-05",4911,756,1,1,1,1,1,67886004
"GB","United_Kingdom","2020-04-06",4020,599,1,1,1,1,1,67886004
"GB","United_Kingdom","2020-04-07",3592,567,1,1,1,1,1,67886004
"GB","United_Kingdom","2020-04-08",5282,1105,1,1,1,1,1,67886004
"GB","United_Kingdom","2020-04-09",5450,1030,1,1,1,1,1,67886004
"GB","United_Kingdom","2020-04-10",5131,1116,1,1,1,1,1,67886004
"GB","United_Kingdom","2020-04-11",4858,1122,1,1,1,1,1,67886004
"GB","United_Kingdom","2020-04-12",4313,843,1,1,1,1,1,67886004
"GB","United_Kingdom","2020-04-13",3579,657,1,1,1,1,1,67886004
"GB","United_Kingdom","2020-04-14",3489,724,1,1,1,1,1,67886004
"GB","United_Kingdom","2020-04-15",4178,1076,1,1,1,1,1,67886004
"GB","United_Kingdom","2020-04-16",4326,880,1,1,1,1,1,67886004
"GB","United_Kingdom","2020-04-17",5065,1036,1,1,1,1,1,67886004
"GB","United_Kingdom","2020-04-18",5292,913,1,1,1,1,1,67886004
"GB","United_Kingdom","2020-04-19",4956,1105,1,1,1,1,1,67886004
"GB","United_Kingdom","2020-04-20",4721,432,1,1,1,1,1,67886004
"GB","United_Kingdom","2020-04-21",3853,570,1,1,1,1,1,67886004
"GB","United_Kingdom","2020-04-22",4854,1224,1,1,1,1,1,67886004
"GB","United_Kingdom","2020-04-23",4760,847,1,1,1,1,1,67886004
"GB","United_Kingdom","2020-04-24",5487,682,1,1,1,1,1,67886004
"GB","United_Kingdom","2020-04-25",5158,1010,1,1,1,1,1,67886004
"GB","United_Kingdom","2020-04-26",4970,815,1,1,1,1,1,67886004
"GB","United_Kingdom","2020-04-27",3748,364,1,1,1,1,1,67886004
"GB","United_Kingdom","2020-04-28",3473,320,1,1,1,1,1,67886004
"GB","United_Kingdom","2020-04-29",4706,969,1,1,1,1,1,67886004
"GB","United_Kingdom","2020-04-30",4729,769,1,1,1,1,1,67886004
"GB","United_Kingdom","2020-05-01",5446,634,1,1,1,1,1,67886004
"GB","United_Kingdom","2020-05-02",4966,698,1,1,1,1,1,67886004
"GB","United_Kingdom","2020-05-03",4737,584,1,1,1,1,1,67886004
"GB","United_Kingdom","2020-05-04",3229,253,1,1,1,1,1,67886004
"GB","United_Kingdom","2020-05-05",2982,272,1,1,1,1,1,67886004
"GB","United_Kingdom","2020-05-06",3389,726,1,1,1,1,1,NA
"GB","United_Kingdom","2020-05-07",3682,647,1,1,1,1,1,NA
"GB","United_Kingdom","2020-05-08",3827,458,1,1,1,1,1,NA
"GB","United_Kingdom","2020-05-09",3767,579,1,1,1,1,1,NA
"GB","United_Kingdom","2020-05-10",3063,275,1,1,1,1,1,NA
"GB","United_Kingdom","2020-05-11",2157,217,1,1,1,1,1,NA
"GB","United_Kingdom","2020-05-12",2329,187,1,1,1,1,1,NA
"GB","United_Kingdom","2020-05-13",3586,614,1,1,1,1,1,NA
"GB","United_Kingdom","2020-05-14",3402,447,1,1,1,1,1,NA
"GB","United_Kingdom","2020-05-15",3307,352,1,1,1,1,1,NA
"GB","United_Kingdom","2020-05-16",2628,350,1,1,1,1,1,NA
"GB","United_Kingdom","2020-05-17",2526,411,1,1,1,1,1,NA
"GB","United_Kingdom","2020-05-18",2079,67,1,1,1,1,1,NA
"GB","United_Kingdom","2020-05-19",1838,146,1,1,1,1,1,NA
"GB","United_Kingdom","2020-05-20",2589,500,1,1,1,1,1,NA
"GB","United_Kingdom","2020-05-21",3052,328,1,1,1,1,1,NA
"GB","United_Kingdom","2020-05-22",2718,273,1,1,1,1,1,NA
"GB","United_Kingdom","2020-05-23",2574,291,1,1,1,1,1,NA
"GB","United_Kingdom","2020-05-24",2062,220,1,1,1,1,1,NA
"GB","United_Kingdom","2020-05-25",1527,379,1,1,1,1,1,NA
"GB","United_Kingdom","2020-05-26",1364,104,1,1,1,1,1,NA
"GB","United_Kingdom","2020-05-27",1624,131,1,1,1,1,1,NA
"GB","United_Kingdom","2020-05-28",1672,422,1,1,1,1,1,NA
"GB","United_Kingdom","2020-05-29",1835,343,1,1,1,1,1,NA
"GB","United_Kingdom","2020-05-30",1760,274,1,1,1,1,1,NA
"GB","United_Kingdom","2020-05-31",1527,154,1,1,1,1,1,NA
"GB","United_Kingdom","2020-06-01",1125,60,1,1,1,1,1,NA
"GB","United_Kingdom","2020-06-02",1079,86,1,1,1,1,1,NA
"GB","United_Kingdom","2020-06-03",1441,249,1,1,1,1,1,NA
"GB","United_Kingdom","2020-06-04",1484,254,1,1,1,1,1,NA
"GB","United_Kingdom","2020-06-05",1356,130,1,1,1,1,1,NA
"GB","United_Kingdom","2020-06-06",1243,258,1,1,1,1,1,NA
"GB","United_Kingdom","2020-06-07",1120,143,1,1,1,1,1,NA
"GB","United_Kingdom","2020-06-08",801,54,1,1,1,1,1,NA
"GB","United_Kingdom","2020-06-09",721,47,1,1,1,1,1,NA
"GB","United_Kingdom","2020-06-10",1099,195,1,1,1,1,1,NA
"GB","United_Kingdom","2020-06-11",1158,164,1,1,1,1,1,NA
"GB","United_Kingdom","2020-06-12",1199,76,1,1,1,1,1,NA
"GB","United_Kingdom","2020-06-13",1017,131,1,1,1,1,1,NA
"GB","United_Kingdom","2020-06-14",1052,107,1,1,1,1,1,NA
"GB","United_Kingdom","2020-06-15",890,27,1,1,1,1,1,NA
"GB","United_Kingdom","2020-06-16",822,29,1,1,1,1,1,NA
"GB","United_Kingdom","2020-06-17",1043,120,1,1,1,1,1,NA
"GB","United_Kingdom","2020-06-18",1102,110,1,1,1,1,1,NA
"GB","United_Kingdom","2020-06-19",1013,67,1,1,1,1,1,NA
"GB","United_Kingdom","2020-06-20",1027,84,1,1,1,1,1,NA
"GB","United_Kingdom","2020-06-21",986,71,1,1,1,1,1,NA
"GB","United_Kingdom","2020-06-22",687,31,1,1,1,1,1,NA
"GB","United_Kingdom","2020-06-23",639,14,1,1,1,1,1,NA
"GB","United_Kingdom","2020-06-24",896,94,1,1,1,1,1,NA
"GB","United_Kingdom","2020-06-25",886,87,1,1,1,1,1,NA
"GB","United_Kingdom","2020-06-26",778,99,1,1,1,1,1,NA
"GB","United_Kingdom","2020-06-27",721,77,1,1,1,1,1,NA
"GB","United_Kingdom","2020-06-28",671,40,1,1,1,1,1,NA
"GB","United_Kingdom","2020-06-29",649,31,1,1,1,1,1,NA
"GB","United_Kingdom","2020-06-30",446,21,1,1,1,1,1,NA
